DATE,R ID,Grp,Grp,State,Club,Venue,PRA Seasonal Race Name ,Dist., Prizemoney ,Age,Sex,Wgt,Registered Race Name
03-Aug-24,693,3,G3,VIC,VRC,FLEM,AURIE'S STAR HANDICAP,1200," $201,300 ",O,O,Hcp,AURIE'S STAR HANDICAP
10-Aug-24,362,2,G2,NSW,ATC,RAND,MISSILE STAKES,1200," $300,000 ",3YO&Up,O,SWP,MISSILE STAKES
10-Aug-24,472,3,G3,SA,SAJC,MORP,BEHEMOTH STAKES,1200," $150,000 ",O,O,WFA,SPRING STAKES
10-Aug-24,137,4,L,WA,WATC,BLMT,BELMONT NEWMARKET,1200," $125,000 ",3YO&Up,O,Qlty,BELMONT NEWMARKET
17-Aug-24,726,4,L,NSW,ATC,RHIL,THE ROSEBUD,1100," $200,000 ",3-Y-O,O,Qlty,THE ROSEBUD
17-Aug-24,335,2,G2,VIC,MRC,CAUL,P.B. LAWRENCE STAKES,1400," $300,000 ",3YO&Up,O,WFA,P. B. LAWRENCE STAKES
17-Aug-24,727,4,L,VIC,MRC,CAUL,REGAL ROLLER STAKES,1200," $175,000 ",4YO&Up,O,Hcp,REGAL ROLLER STAKES
17-Aug-24,613,3,G3,VIC,MRC,CAUL,QUEZETTE STAKES,1100," $200,000 ",3-Y-O,F,SWP,QUEZETTE STAKES
17-Aug-24,604,3,G3,VIC,MRC,CAUL,VAIN STAKES,1100," $200,000 ",3-Y-O,C&G,SWP,VAIN STAKES
22-Aug-24,716,4,L,NSW,HAWKESBURY RC,HAWK,ROWLEY MILE,1600," $200,000 ",3YO&Up,O,Hcp,ROWLEY MILE
24-Aug-24,534,1,G1,NSW,ATC,RAND,WINX STAKES,1400," $1,000,000 ",3YO&Up,O,WFA,WINX STAKES
24-Aug-24,460,2,G2,NSW,ATC,RAND,SILVER SHADOW STAKES,1200," $300,000 ",3-Y-O,F,SWP,SILVER SHADOW STAKES
24-Aug-24,434,3,G3,NSW,ATC,RAND,PREMIER'S CUP,2000," $250,000 ",3YO&Up,O,Qlty,PREMIER'S CUP
24-Aug-24,611,3,G3,NSW,ATC,RAND,SHOW COUNTY QUALITY HCP,1200," $250,000 ",3YO&Up,O,Qlty,SHOW COUNTY QUALITY
24-Aug-24,626,3,G3,NSW,ATC,RAND,TOY SHOW QUALITY HCP,1100," $250,000 ",3YO&Up,F&M,Qlty,TOY SHOW QUALITY
24-Aug-24,741,4,L,VIC,MVRC,THE VALLEY,CARLYON STAKES,1000," $175,000 ",3YO&Up,O,SWP,SPRING PREVIEW
24-Aug-24,249,4,L,SA,SAJC,MORPP,LEON MACDONALD STAKES,1400," $120,000 ",O,O,WFA,LEON MACDONALD STAKES
24-Aug-24,591,4,L,WA,WATC,BLMT,IDYLLIC PRINCE STAKES,1300," $125,000 ",3YO&Up,O,WFA,WATC GOODWOOD SPRINT
31-Aug-24,446,3,G3,NSW,ATC,RHIL,SAN DOMENICO STAKES,1100," $250,000 ",3-Y-O,O,SWP,SAN DOMENICO STAKES
31-Aug-24,523,3,G3,NSW,ATC,RHIL,UP AND COMING STAKES,1300," $250,000 ",3-Y-O,O,Qlty,UP AND COMING STAKES
31-Aug-24,353,1,G1,VIC,MRC,CAUL,MEMSIE STAKES,1400," $752,000 ",3YO&Up,O,WFA,MEMSIE STAKES
31-Aug-24,694,3,G3,VIC,MRC,CAUL,THE HEATH 1100 STAKES,1100," $200,990 ",4YO&Up,O,SWP,THE HEATH 1100
31-Aug-24,605,3,G3,VIC,MRC,CAUL,COCKRAM STAKES,1200," $200,990 ",4YO&Up,M,SWP,W W COCKRAM STAKES
31-Aug-24,301,4,L,VIC,MRC,CAUL,TILE IMPORTER HEATHERLIE STAKES,1700," $175,750 ",O,O,Hcp,HEATHERLIE HANDICAP
31-Aug-24,597,3,G3,VIC,MRC,CAUL,H.D.F. MCNEIL STAKES,1200," $200,990 ",3-Y-O,O,SWP,H.D.F. McNEIL STAKES
01-Sep-24,671,4,L,NSW,WYONG RC,WYNG,MONA LISA STAKES,1350," $200,000 ",3YO&Up,F&M,SWP,MONA LISA STAKES
06-Sep-24,595,4,L,NSW,WYONG RC,WYNG,WYONG GOLD CUP ,2100," $250,000 ",3YO&Up,O,Qlty,WYONG GOLD CUP
07-Sep-24,192,2,G2,NSW,ATC,RAND,CHELMSFORD STAKES,1600," $300,000 ",3YO&Up,O,WFA,CHELMSFORD STAKES
07-Sep-24,270,2,G2,NSW,ATC,RAND,DARLEY FURIOUS STAKES,1200," $300,000 ",3-Y-O,F,SW,FURIOUS STAKES
07-Sep-24,517,2,G2,NSW,ATC,RAND,TRAMWAY STAKES,1400," $300,000 ",3YO&Up,O,SWP,TRAMWAY STAKES
07-Sep-24,588,3,G3,NSW,ATC,RAND,CONCORDE STAKES,1000," $1,000,000 ",3YO&Up,O,SWP,CONCORDE STAKES
07-Sep-24,202,4,L,NSW,CITY TATTS,RAND,CITY TATT'S CLUB CUP,2400," $200,000 ",3YO&Up,O,Qlty,CITY TATT'S CLUB CUP
07-Sep-24,363,1,G1,VIC,MVRC,THE VALLEY, MOIR STAKES,1000," $754,000 ",O,O,WFA,A.J. MOIR STAKES
07-Sep-24,934,4,L,VIC,MVRC,THE VALLEY,CHAUTAUQUA STAKES,1200," $176,000 ",O,O,HCP,CHAUTAUQUA STAKES
07-Sep-24,612,4,L,VIC,MVRC,THE VALLEY,MCKENZIE STAKES,1200," $176,000 ",3-Y-O,C&G,SWP,MITCHELL MCKENZIE STAKES
07-Sep-24,980,4,L,VIC,MVRC,THE VALLEY,ATLANTIC JEWEL STAKES,1200," $175,000 ",3-Y-O,F,SWP,ATLANTIC JEWEL STAKES
07-Sep-24,257,4,L,WA,WATC,BLMT,FARNLEY STAKES,1400," $125,000 ",3YO&Up,O,Qlty,FARNLEY STKS
11-Sep-24,568,4,L,SA,BALAKLAVA RC,BKVA,BALAKLAVA CUP,1600," $120,000 ",3YO&Up,O,Qlty,BALAKLAVA CUP
14-Sep-24,663,2,G2,NSW,ATC,RHIL,SHERACO STAKES,1200," $300,000 ",3YO&Up,F&M,SWP,SHERACO STAKES
14-Sep-24,704,2,G2,NSW,ATC,RHIL,THE RUN TO THE ROSE,1200," $300,000 ",3-Y-O,O,SWP,THE RUN TO THE ROSE
14-Sep-24,507,2,G2,NSW,ATC,RHIL,THEO MARKS STAKES,1300," $300,000 ",3YO&Up,O,Qlty,THEO MARKS STAKES
14-Sep-24,166,3,G3,NSW,ATC,RHIL,MING DYNASTY QUALITY HCP,1400," $250,000 ",3-Y-O,O,Qlty,MING DYNASTY QUALITY HCP 
14-Sep-24,214,1,G1,VIC,VRC,FLEM,MAKYBE DIVA STAKES,1600," $752,100 ",O,O,WFA,MAKYBE DIVA STAKES
14-Sep-24,150,2,G2,VIC,VRC,FLEM,BOBBIE LEWIS QUALITY,1200," $301,700 ",4YO&Up,O,Qlty,BOBBIE LEWIS QUALITY
14-Sep-24,360,2,G2,VIC,VRC,FLEM,LET'S ELOPE STAKES,1400," $301,700 ",4YO&Up,M,SWP,MILADY STAKES
14-Sep-24,222,3,G3,VIC,VRC,FLEM,ARCHER STAKES,2500," $303,025 ",O,O,Qlty,HOTHAM HANDICAP
14-Sep-24,933,4,L,VIC,VRC,FLEM,THE SOFITEL,1400," $176,000 ",4YO&Up,O,HCP,TONTONAN STAKES
14-Sep-24,739,4,L,VIC,VRC,FLEM,CAP D'ANTIBES STAKES,1100," $176,000 ",3-Y-O,F,SWP,CAP D'ANTIBES STAKES
14-Sep-24,205,4,L,VIC,VRC,FLEM,POSEIDON STAKES,1100," $176,000 ",3-Y-O,C&G,SWP,POSEIDON STAKES
14-Sep-24,720,4,L,VIC,VRC,FLEM,EXFORD PLATE,1400," $176,000 ",3-Y-O,O,SWP,EXFORD PLATE
14-Sep-24,550,4,L,SA,SAJC,MORP,W H WYLIE HANDICAP,1100," $120,000 ",O,O,Qlty,W H WYLIE HANDICAP
19-Sep-24,309,4,L,SA,SAJC,MORP,HILL SMITH STAKES,1800," $120,000 ",3-Y-O,O,SW,HILL SMITH STAKES
20-Sep-24,160,3,G3,NSW,NEWCASTLE JC,NCLE,CAMERON HCP,1500," $250,000 ",3YO&Up,O,Hcp,CAMERON HANDICAP
20-Sep-24,381,3,G3,NSW,NEWCASTLE JC,NCLE,NEWCASTLE GOLD CUP,2300," $300,000 ",3YO&Up,O,Hcp,NEWCASTLE GOLD CUP
20-Sep-24,672,3,G3,NSW,NEWCASTLE JC,NCLE,TIBBIE STAKES,1400," $250,000 ",3YO&Up,F&M,SWP,TIBBIE STAKES
21-Sep-24,506,2,G2,NSW,ATC,RAND,DARLEY TEA ROSE STAKES,1400," $300,000 ",3-Y-O,F,SW,TEA ROSE STAKES
21-Sep-24,457,2,G2,NSW,ATC,RAND,THE SHORTS,1100," $1,000,000 ",3YO&Up,O,SWP,THE SHORTS
21-Sep-24,582,3,G3,NSW,ATC,RAND,BILL RITCHIE HANDICAP,1400," $250,000 ",3YO&Up,O,Qlty,BILL RITCHIE HANDICAP
21-Sep-24,324,3,G3,NSW,ATC,RAND,KINGSTON TOWN STAKES,2000," $250,000 ",3YO&Up,O,SWP,KINGSTON TOWN STAKES
21-Sep-24,521,1,G1,VIC,MRC,CAUL,UNDERWOOD STAKES,1800," $752,000 ",3YO&Up,O,WFA,UNDERWOOD STAKES
21-Sep-24,440,3,G3,VIC,MRC,CAUL,NATURALISM STAKES,2000," $200,990 ",O,O,Qlty,NATURALISM STAKES
21-Sep-24,721,4,L,VIC,MRC,CAUL,TESTA ROSSA STAKES,1400," $175,750 ",O,O,Hcp,TESTA ROSSA STAKES
21-Sep-24,458,3,G3,VIC,MRC,CAUL,CAULFIELD GUINEAS PRELUDE,1400," $300,990 ",3-Y-O,C&G,SWP,CAULFIELD GUINEAS PRELUDE
21-Sep-24,981,4,L,VIC,MRC,CAUL,JIM MOLONEY STAKES,1400," $175,750 ",3-Y-O,F,SWP,JIM MOLONEY STAKES 
22-Sep-24,609,4,L,WA,KALG-BOU RC,KALG,BOULDER CUP,2100," $125,000 ",3YO&Up,O,Qlty,BOULDER CUP
27-Sep-24,343,1,G1,VIC,MVRC,THE VALLEY,LADBROKES MANIKATO STAKES,1200," $2,015,000 ",O,O,WFA,MANIKATO STAKES
27-Sep-24,258,2,G2,VIC,MVRC,THE VALLEY,FEEHAN STAKES,1600," $501,500 ",O,O,WFA,JOHN F FEEHAN STAKES
27-Sep-24,599,2,G2,VIC,MVRC,THE VALLEY,STOCKS STAKES,1500," $301,500 ",4YO&Up,M,SWP,W H STOCKS STAKES
27-Sep-24,369,2,G2,VIC,MVRC,THE VALLEY,STUTT STAKES,1600," $301,500 ",3-Y-O,O,SW,MOONEE VALLEY STAKES
27-Sep-24,525,3,G3,VIC,MVRC,THE VALLEY,SCARBOROUGH STAKES,1200," $201,000 ",3-Y-O,F,SW,MV CHAMPAGNE STAKES
28-Sep-24,670,1,G1,NSW,ATC,RHIL,GOLDEN ROSE STAKES,1400," $1,000,000 ",3-Y-O,O,SW,GOLDEN ROSE STAKES
28-Sep-24,653,2,G2,NSW,ATC,RHIL,GOLDEN PENDANT,1400," $400,000 ",3YO&Up,F&M,SWP,GOLDEN PENDANT
28-Sep-24,454,2,G2,NSW,ATC,RHIL,SHANNON STAKES,1500," $300,000 ",3YO&Up,O,Qlty,SHANNON STAKES
28-Sep-24,209,3,G3,NSW,ATC,RHIL,COLIN STEPHEN QUALITY,2400," $250,000 ",3YO&Up,O,Qlty,COLIN STEPHEN QLTY HCP
28-Sep-24,464,4,L,NSW,ATC,RHIL,HERITAGE STAKES,1100," $200,000 ",3-Y-O,O,SWP,HERITAGE STAKES
28-Sep-24,208,3,G3,VIC,MRC,SANH,SANDOWN STAKES,1500," $200,750 ",O,O,Qlty,SANDOWN STAKES
28-Sep-24,538,4,L,QLD,TWBA,TWBA,TOOWOOMBA WEETWOOD HANDICAP,1200," $160,000 ",3YO&Up,0,Qlty,WEETWOOD HANDICAP
28-Sep-24,144,4,L,WA,WATC,BLMT,BLACK HEART BART STAKES,1200," $125,000 ",3YO&Up,O,SWP,BIRTHDAY STKS
29-Sep-24,743,4,L,VIC,MRC,MORN,R.M. ANSETT CLASSIC,2400," $175,750 ",O,O,Hcp,R M ANSETT CLASSIC
02-Oct-24,296,4,L,WA,KALG-BOU RC,KALG,HANNAN'S HANDICAP,1400," $150,000 ",3YO&Up,O,Qlty,HANNANS HANDICAP
05-Oct-24,14,1,G1,NSW,ATC,RAND,EPSOM HCP,1600," $1,500,000 ",3YO&Up,O,Hcp,EPSOM HANDICAP
05-Oct-24,261,1,G1,NSW,ATC,RAND,FLIGHT STAKES,1600," $750,000 ",3-Y-O,F,SW,FLIGHT STAKES
05-Oct-24,16,1,G1,NSW,ATC,RAND,THE METROPOLITAN,2400," $750,000 ",3YO&Up,O,Hcp,THE METROPOLITAN
05-Oct-24,407,2,G2,NSW,ATC,RAND,PREMIERE STAKES,1200," $1,000,000 ",3YO&Up,O,WFA,PREMIERE STAKES
05-Oct-24,153,3,G3,NSW,ATC,RAND,BREEDERS' PLATE,1000," $250,000 ",2-Y-O,C&G,SW,BREEDERS PLATE
05-Oct-24,279,3,G3,NSW,ATC,RAND,GIMCRACK STAKES,1000," $250,000 ",2-Y-O,F,SW,ATC GIMCRACK STKS
05-Oct-24,570,4,L,NSW,ATC,RAND,DULCIFY STAKES,1600," $250,000 ",3-Y-O,O,SW,DULCIFY STAKES
05-Oct-24,519,1,G1,VIC,VRC,FLEM,TAB TURNBULL STAKES,2000," $752,100 ",4YO&Up,O,SWP,TURNBULL STAKES
05-Oct-24,442,2,G2,VIC,VRC,FLEM,GILGAI  STAKES,1200," $301,700 ",O,O,SWP,BAGUETTE STAKES
05-Oct-24,590,2,G2,VIC,VRC,FLEM,ROSE OF KINGSTON STAKES,1400," $301,700 ",4YO&Up,M,SWP,ROSE OF KINGSTON STAKES
05-Oct-24,713,3,G3,VIC,VRC,FLEM,THE LEXUS BART CUMMINGS,2500," $501,300 ",O,O,Qlty,THE BART CUMMINGS
05-Oct-24,638,4,L,VIC,VRC,FLEM,PARIS LANE STAKES,1400," $176,000 ",4YO&Up,O,Hcp,PARIS LANE STAKES
05-Oct-24,145,2,G2,VIC,VRC,FLEM,DANEHILL STAKES,1100," $301,750 ",3-Y-O,O,SWP,DANEHILL STAKES
05-Oct-24,244,2,G2,VIC,VRC,FLEM,EDWARD MANIFOLD STAKES,1600," $301,700 ",3-Y-O,F,SW,EDWARD MANIFOLD STAKES
05-Oct-24,346,4,L,VIC,VRC,FLEM,MARIBYRNONG TRIAL STAKES,1000," $176,000 ",2-Y-O,O,SW,MARIBYRNONG TRIAL STAKES
05-Oct-24,712,4,L,VIC,VRC,FLEM,SUPER IMPOSE PLATE,1800," $176,000 ",3-Y-O,O,SWP,SUPER IMPOSE PLATE
05-Oct-24,319,4,L,WA,KALG-BOU RC,KALG,KALGOORLIE CUP,2300," $150,000 ",3YO&Up,O,Qlty,KALGOORLIE CUP
12-Oct-24,308,2,G2,NSW,ATC,RHIL,HILL STAKES,1900," $2,000,000 ",3YO&Up,O,WFA,HILL STAKES
12-Oct-24,433,2,G2,NSW,ATC,RHIL,ROMAN CONSUL STAKES,1200," $300,000 ",3-Y-O,O,SW,ROMAN CONSUL STKS
12-Oct-24,617,3,G3,NSW,ATC,RHIL ,THE NIVISON,1200," $250,000 ",4YO&Up,M,SWP,THE NIVISON
12-Oct-24,281,3,G3,NSW,ATC,RHIL,GLOAMING STAKES,1800," $500,000 ",3-Y-O,O,SW,GLOAMING STAKES
12-Oct-24,1000,4,L,NSW,ATC,RHIL,TAPP-CRAIG STAKES,1400," $500,000 ",3-Y-O,O,SWP,TAPP-CRAIG STAKES
12-Oct-24,11,1,G1,VIC,MRC,CAUL,CAULFIELD GUINEAS,1600," $3,008,500 ",3-Y-O,O,SW,CAULFIELD GUINEAS
12-Oct-24,181,1,G1,VIC,MRC,CAUL,MIGHT AND POWER,2000," $1,002,750 ",3YO&Up,O,WFA,CAULFIELD STAKES
12-Oct-24,245,1,G1,VIC,MRC,CAUL, TOORAK HANDICAP,1600," $1,002,750 ",O,O,Hcp,TOORAK HANDICAP
12-Oct-24,305,2,G2,VIC,MRC,CAUL,HERBERT POWER STAKES,2400," $301,000 ",O,O,Qlty,HERBERT POWER STAKES
12-Oct-24,196,2,G2,VIC,MRC,CAUL,SCHILLACI STAKES,1100," $301,000 ",3YO&Up,O,WFA,SCHILLACI STAKES
12-Oct-24,695,3,G3,VIC,MRC,CAUL,NORTHWOOD PLUME STAKES,1200," $200,750 ",4YO&Up,M,SWP,NORTHWOOD PLUME STAKES
12-Oct-24,710,3,G3,VIC,MRC,CAUL,LADIES DAY VASE,1600," $200,750 ",4YO&Up,M,SWP,LADIES DAY VASE
12-Oct-24,935,4,L,VIC,MRC,CAUL,WEEKEND HUSSLER,1400," $175,500 ",O,O,HCP,WEEKEND HUSSLER HANDICAP
12-Oct-24,418,4,L,QLD,BRC,E FM,QUEENSLAND CUP,2400," $160,000 ",O,O,Qlty,QUEENSLAND CUP
12-Oct-24,682,4,L,QLD,BRC,E FM,MEMBERS' CUP,1400," $160,000 ",3YO&Up,O,Qlty,MEMBERS' CUP
12-Oct-24,338,4,L,SA,MURR BDGE RC,MUBR,MURRAY BRIDGE GOLD CUP,1600," $120,000 ",O,O,Qlty,LORD MAYOR'S MILE
13-Oct-24,594,4,L,VIC,SEYMOUR RC,SEYM,SEYMOUR CUP ,1600," $200,000 ",O,O,Hcp,SEYMOUR CUP
16-Oct-24,211,3,G3,VIC,MRC,CAUL,COONGY CUP,2000," $200,750 ",O,O,Hcp,COONGY HANDICAP
16-Oct-24,227,4,L,VIC,MRC,CAUL,DEBUTANT STAKES,1000," $175,500 ",2-Y-O,O,SW,DEBUTANT STAKES
19-Oct-24,276,1,G1,NSW,ATC,RAND,KING CHARLES III STAKES,1600," $5,000,000 ",3YO&Up,O,WFA,GEORGE MAIN STAKES
19-Oct-24,618,3,G3,NSW,ATC,RAND,ANGST STAKES,1600," $250,000 ",4YO&Up,M,SWP,ANGST STAKES
19-Oct-24,203,3,G3,NSW,ATC,RAND,SYDNEY STAKES,1200," $2,000,000 ",3YO&Up,O,WFA,CITY TATT'S LIGHTNING
19-Oct-24,427,3,G3,NSW,ATC,RAND,REGINALD ALLEN QLTY HCP,1400," $200,000 ",3-Y-O,F,Qlty,REGINALD ALLEN QUALITY
19-Oct-24,475,3,G3,NSW,ATC,RAND,ATC ST LEGER STAKES,2600," $500,000 ",3YO&Up,O,SWP,ST LEGER STAKES
19-Oct-24,1001,1,G1,NSW,ATC,RAND,THE TAB EVEREST,1200," $20,000,000 ",O,O,WFA,THE EVEREST
19-Oct-24,1002,3,G3,NSW,ATC,RAND,THE SILVER EAGLE,1300," $1,000,000 ",4-Y-O,O,SWP,THE SILVER EAGLE
19-Oct-24,300,2,G2,VIC,MRC,CAUL,THOUSAND GUINEAS PRELUDE,1400," $301,000 ",3-Y-O,F,SWP,TRANQUIL STAR STAKES
19-Oct-24,4,1,G1,VIC,MRC,CAUL,CARLTON DRAUGHT CAULFIELD CUP,2400," $5,150,000 ",O,O,Hcp,CAULFIELD CUP
19-Oct-24,378,2,G2,VIC,MRC,CAUL,CAULFIELD SPRINT ,1000," $301,000 ",O,O,Hcp,CAULFIELD SPRINT
19-Oct-24,561,2,G2,VIC,MRC,CAUL,TRISTARC STAKES,1400," $301,000 ",4YO&Up,M,SWP,TRISTARC STAKES
19-Oct-24,581,3,G3,VIC,MRC,CAUL,MOONGA STAKES,1400," $200,750 ",4YO&Up,O,SWP,MOONGA STAKES
19-Oct-24,937,4,L,VIC,MRC,CAUL,ALINGHI STAKES,1100," $175,500 ",3YO&Up,F&M,SWP,ALINGHI STAKES
19-Oct-24,384,3,G3,VIC,MRC,CAUL,NEDS CLASSIC,2000," $200,000 ",3-Y-O,O,SWP,NORMAN ROBINSON STAKES
19-Oct-24,728,3,G3,VIC,MRC,CAUL,ETHEREAL STAKES,2000," $200,500 ",3-Y-O,F,SWP,ETHEREAL STAKES
19-Oct-24,354,4,L,VIC,MRC,CAUL,GOTHIC STAKES,1200," $175,500 ",3-Y-O,O,SWP,GOTHIC STAKES
19-Oct-24,108,3,G3,WA,WATC,ASCT,EURYTHMIC STAKES,1400," $200,000 ",3YO&Up,O,SWP,EURYTHMIC STAKES
19-Oct-24,565,4,L,WA,WATC,ASCT,R.S. CRAWFORD STAKES,1000," $125,000 ",3YO&Up,O,SWP,R.S. CRAWFORD STKS
19-Oct-24,309,4,L,SA,SAJC,MORP,HILL SMITH STAKES,1800," $120,000 ",3-Y-O,O,SW,HILL SMITH STAKES
23-Oct-24,275,3,G3,VIC,GEELONG RC,GEEL,GEELONG CUP,2400," $500,000 ",O,O,Hcp,GEELONG CUP
23-Oct-24,231,4,L,VIC,GEELONG RC,GEEL,GEELONG CLASSIC,2200," $200,000 ",3-Y-O,O,SWP,DERBY TRIAL STAKES
25-Oct-24,368,2,G2,VIC,MVRC,THE VALLEY,MOONEE VALLEY GOLD CUP,2500," $761,300 ",4YO&Up,O,SWP,MOONEE VALLEY GOLD CUP
26-Oct-24,23,1,G1,NSW,ATC,RAND,SPRING CHAMPION STAKES,2000," $2,000,000 ",3-Y-O,O,SW,SPRING CHAMPION STAKES
26-Oct-24,479,2,G2,NSW,ATC,RAND,CALLANDER-PRESNELL,1600," $1,000,000 ",3-Y-O,O,SW,STAN FOX STAKES
26-Oct-24,216,3,G3,NSW,ATC,RAND,CRAVEN PLATE,1800," $750,000 ",3YO&Up,O,WFA,CRAVEN PLATE
26-Oct-24,462,4,L,NSW,ATC,RAND,BRIAN CROWLEY  STAKES,1200," $200,000 ",3-Y-O,O,SWP,BRIAN CROWLEY STAKES
26-Oct-24,1003,4,L,NSW,ATC,RAND,FIVE DIAMONDS PRELUDE,1500," $1,000,000 ",5-Y-O,O,SWP,FIVE DIAMONDS PRELUDE
26-Oct-24,1004,2,G2,NSW,ATC,RAND,THE INVITATION,1400," $2,000,000 ",3YO&Up,F&M,SWP,THE INVITATION
26-Oct-24,304,2,G2,VIC,MVRC,THE VALLEY,MV VASE,2040," $408,000 ",3-Y-O,O,SW,MV VASE
26-Oct-24,648,2,G2,VIC,MVRC,THE VALLEY,MOONEE VALLEY  FILLIES CLASSIC,1600," $302,500 ",3-Y-O,F,SW,MOONEE VALLEY FILLIES CLASSIC
26-Oct-24,2,1,G1,VIC,MVRC,THE VALLEY,LADBROKES COX PLATE,2040," $5,050,000 ",3YO&Up,O,WFA,W S COX PLATE
26-Oct-24,651,2,G2,VIC,MVRC,THE VALLEY,MCEWEN STAKES,1200," $301,000 ",O,O,WFA,IAN McEWEN TROPHY
26-Oct-24,536,2,G2,VIC,MVRC,THE VALLEY,CRYSTAL MILE,1600," $400,000 ",O,O,SWP,CRYSTAL MILE
26-Oct-24,641,3,G3,VIC,MVRC,THE VALLEY,JRA  CUP,2040," $201,500 ",O,O,Qlty,JRA CUP
26-Oct-24,587,3,G3,VIC,MVRC,THE VALLEY,TESIO STAKES,2040," $302,000 ",4YO&Up,M,Hcp,TESIO STAKES
26-Oct-24,425,3,G3,VIC,MVRC,THE VALLEY,RED ANCHOR STAKES,1200," $202,500 ",3-Y-O,O,SWP,RED ANCHOR STAKES
26-Oct-24,586,4,L,VIC,MVRC,THE VALLEY,CROCKETT STAKES,1200," $177,500 ",3-Y-O,F,SWP,WILLIAM CROCKET STAKES
26-Oct-24,133,4,L,WA,WATC,ASCT,BELGRAVIA STAKES,1200," $125,000 ",3-Y-O,O,SWP,BELGRAVIA STKS
27-Oct-24,758,4,L,VIC,SALE TC,SALE,SALE CUP,1600," $200,000 ",O,O,Hcp,SALE CUP
27-Oct-24,733,4,L,WA,NORTHAM RC,NTHM,NORTHAM CUP,1600," $150,000 ",3YO&Up,O,Qlty,NORTHAM CUP
30-Oct-24,141,3,G3,VIC,BJC,BEND,BENDIGO CUP,2400," $500,000 ",O,O,Hcp,BENDIGO CUP
02-Nov-24,6,1,G1,VIC,VRC,FLEM,VICTORIA DERBY,2500," $2,170,325 ",3-Y-O,O,SW,VICTORIA DERBY
02-Nov-24,117,1,G1,VIC,VRC,FLEM,COOLMORE STUD STAKES,1200," $2,005,325 ",3-Y-O,O,SW,ASCOT VALE STAKES
02-Nov-24,531,2,G2,VIC,VRC,FLEM,WAKEFUL STAKES,2000," $304,425 ",3-Y-O,F,SWP,WAKEFUL STAKES
02-Nov-24,560,1,G1,VIC,VRC,FLEM,EMPIRE ROSE STAKES ,1600," $1,005,325 ",3YO&Up,F&M,WFA,EMPIRE ROSE STAKES
02-Nov-24,334,2,G2,VIC,VRC,FLEM,THE DAMIEN OLIVER,1400," $504,425 ",O,O,HCP,LINLITHGOW STAKES
02-Nov-24,722,3,G3,VIC,VRC,FLEM,BEGONIA BELLE STAKES,1100," $203,025 ",4YO&Up,M,SWP,BEGONIA BELLE STAKES
02-Nov-24,290,3,G3,VIC,VRC,FLEM,RISING FAST STAKES ,1200," $203,025 ",O,O,Hcp,CHATHAM STAKES
02-Nov-24,524,3,G3,VIC,VRC,FLEM,THE VANITY,1400," $200,000 ",3-Y-O,F,SWP,THE VANITY
02-Nov-24,168,3,G3,VIC,VRC,FLEM,CARBINE CLUB STAKES,1600," $503,025 ",3-Y-O,O,SWP,VRC CARBINE CLUB STAKES
05-Nov-24,508,4,L,SA,SAJC,MORP,JOHN LETTS CUP,1800," $120,000 ",O,O,SWP,JOHN LETTS CUP
02-Nov-24,135,3,G3,WA,WATC,ASCT,ASIAN BEAU STAKES,1400," $200,000 ",3YO&Up,O,Hcp,ASIAN BEAU STKS
02-Nov-24,409,3,G3,WA,WATC,ASCT,PRINCE OF WALES STAKES,1000," $200,000 ",3YO&Up,O,WFA,PRINCE OF WALES STKS
02-Nov-24,1005,3,G3,NSW,ATC,RHIL,ROSEHILL GOLD CUP,2000," $746,250 ",3YO&Up,O,HCP,ROSEHILL GOLD CUP
05-Nov-24,1,1,G1,VIC,VRC,FLEM,MELBOURNE CUP,3200," $8,075,000 ",O,O,Hcp,MELBOURNE CUP
05-Nov-24,696,3,G3,VIC,VRC,FLEM,HKJC STAKES,1400," $203,025 ",4YO&Up,M,SWP,MAYBE MAHAL STAKES
05-Nov-24,293,4,L,VIC,VRC,FLEM,MELBOURNE CUP DAY  PLATE,1800," $176,725 ",O,O,Hcp,MELBOURNE CUP DAY  PLATE
05-Nov-24,345,3,G3,VIC,VRC,FLEM,MARIBYRNONG PLATE,1000," $203,025 ",2-Y-O,O,SW,MARIBYRNONG PLATE
05-Nov-24,522,4,L,VIC,VRC,FLEM,THE AMANDA ELLIOTT,1400," $178,025 ",3-Y-O,O,Hcp,VRC SPRINGTIME STAKES
05-Nov-24,252,4,L,VIC,VRC,FLEM,TAB TROPHY STAKES,1800," $176,925 ",3-Y-O,O,SWP,BATMAN STAKES
05-Nov-24,158,4,L,WA,WATC,ASCT,BURGESS QUEEN STAKES,1400," $125,000 ",3-Y-O,F,SWP,BURGESS QUEEN STKS
05-Nov-24,1006,4,L,NSW,ATC,RAND,BIG DANCE,1600," $3,000,000 ",3YO&Up,O,Qlty,BIG DANCE
07-Nov-24,673,4,L,NSW,HAWKESBURY RC,HAWK,LADIES DAY CUP,1500," $200,000 ",3YO&Up,O,Hcp,SAFILO CUP
07-Nov-24,19,1,G1,VIC,VRC,FLEM,VRC OAKS,2500," $1,010,325 ",3-Y-O,F,SW,VRC OAKS
07-Nov-24,426,3,G3,VIC,VRC,FLEM,RED ROSES STAKES,1100," $303,025 ",3-Y-O,F,SWP,RED ROSES STAKES
07-Nov-24,172,4,L,VIC,VRC,FLEM,CENTURY STAKES,1000," $176,725 ",O,O,SWP,CENTURY STAKES
07-Nov-24,194,4,L,VIC,VRC,FLEM,CHESTER MANIFOLD STAKES,1400," $175,000 ",O,O,Hcp,CHESTER MANIFOLD STAKES
09-Nov-24,627,2,G2,NSW,ATC,RHIL,HOT DANISH STAKES,1400," $500,000 ",3YO&Up,F&M,SW,BREEDERS CLASSIC
09-Nov-24,1007,4,L,NSW,ATC,RHIL,FIVE DIAMONDS,1800," $2,000,000 ",5-Y-O,O,SWP,FIVE DIAMONDS
09-Nov-24,1008,3,G3,NSW,ATC,RHIL,INGLIS GOLDEN GIFT,1100," $1,000,000 ",2-Y-O,O,SW,GOLDEN GIFT
09-Nov-24,341,1,G1,VIC,VRC,FLEM,CHAMPIONS STAKES (MACKINNON),2000," $3,010,325 ",O,O,WFA,LKS MACKINNON STAKES
09-Nov-24,106,1,G1,VIC,VRC,FLEM,CHAMPIONS MILE (CANTALA),1600," $3,005,325 ",O,O,WFA,CANTALA STAKES
09-Nov-24,271,1,G1,VIC,VRC,FLEM,CHAMPIONS SPRINT (VRC CLUB STAKES),1200," $3,005,325 ",O,O,WFA,VICTORIA RACING CLUB STKS
09-Nov-24,639,2,G2,VIC,VRC,FLEM,MATRIARCH STAKES,2000," $304,425 ",4YO&Up,M,SWP,MATRIARCH STAKES
09-Nov-24,413,3,G3,VIC,VRC,FLEM,QUEEN ELIZABETH STAKES,2600," $315,325 ",O,O,Qlty,VRC QUEEN ELIZABETH STAKES
09-Nov-24,745,4,L,VIC,VRC,FLEM,MSS SECURITY SPRINT,1200," $175,000 ",O,O,Hcp,ALWAYS WELCOME STAKES
09-Nov-24,939,RL,LR,VIC,VRC,FLEM,INGLIS BANNER,1000," $502,000 ",2-Y-O,O,SW,INGLIS BANNER
09-Nov-24,747,4,L,QLD,BRC,DOOM,KEITH NOUD QUALITY,1200," $160,000 ",O,O,Qlty,KEITH NOUD QUALITY
09-Nov-24,328,2,G2,WA,WATC,ASCT,LEE STEERE STAKES,1400," $300,000 ",3YO&Up,O,WFA,LEE STEERE STKS
09-Nov-24,256,4,L,WA,WATC,ASCT,FAIRETHA STAKES,1400," $125,000 ",3-Y-O,C&G,SWP,FAIRETHA STKS
09-Nov-24,114,4,L,WA,WATC,ASCT,LUCKYGRAY STAKES,1800," $125,000 ",3YO&Up,O,Qlty,ASCOT GOLD CUP
16-Nov-24,473,3,G3,NSW,NEWCASTLE JC,NCLE,SPRING STAKES,1600," $250,000 ",3-Y-O,O,SW,NJC 3YO SPRING STAKES
16-Nov-24,1009,2,G2,NSW,NEWCASTLE JC,NCLE,THE HUNTER,1300," $1,000,000 ",3YO&Up,O,Qlty,THE HUNTER
16-Nov-24,1010,4,L,NSW,NEWCASTLE JC,NCLE,THE BEAUFORD,2300," $300,000 ",3YO&Up,O,Hcp,THE BEAUFORD
16-Nov-24,510,1,G1,VIC,MRC,CAUL,THOUSAND GUINEAS,1600," $1,503,000 ",3-Y-O,F,SW,THE THOUSAND GUINEAS
16-Nov-24,509,3,G3,VIC,MRC,CAUL,THOROUGHBRED CLUB STAKES,1200," $200,750 ",3-Y-O,F,SWP,THOROUGHBRED CLUB STAKES
16-Nov-24,979,3,G3,VIC,MRC,CAUL,BLUE SAPPHIRE STAKES,1400," $500,500 ",3-Y-O,O,SW,BLUE SAPPHIRE STAKES
16-Nov-24,348,1,G1,VIC,MRC,CAUL,SIR RUPERT CLARKE STAKES,1400," $1,002,000 ",O,O,Hcp,INVITATION STAKES
16-Nov-24,656,3,G3,VIC,MRC,CAUL,HOW NOW STAKES,1200," $200,750 ",4YO&Up,M,SWP,HOW NOW STAKES
16-Nov-24,936,4,L,VIC,MRC,CAUL,CAULFIELD VILLAGE STAKES,1100," $175,000 ",O,O,HCP,CAULFIELD VILLAGE STAKES
16-Nov-24,210,3,G3,WA,WATC,ASCT,COLONEL REEVES STAKES,1100," $200,000 ",3YO&Up,O,SWP,COLONEL REEVES
16-Nov-24,535,3,G3,WA,WATC,ASCT,R.J. PETERS STAKES,1500," $200,000 ",3YO&Up,O,Hcp,R J PETERS STKS
16-Nov-24,188,3,G3,WA,WATC,ASCT,W.A. CHAMPION FILLIES STAKES,1600," $300,000 ",3-Y-O,F,SW,CHAMPION FILLIES
16-Nov-24,698,4,L,WA,WATC,ASCT,JUNGLE MIST CLASSIC,1200," $125,000 ",3YO&Up,F&M,SWP,JUNGLE MIST CLASSIC
16-Nov-24,489,4,L,WA,WATC,ASCT,PLACID ARK STAKES,1200," $500,000 ",3-Y-O,O,SW,PLACID ARK STKS
23-Nov-24,215,4,L,VIC,CRANBOURNE TC,CRAN,CRANBOURNE CUP,1600," $500,000 ",O,O,Hcp,CRANBOURNE CUP
23-Nov-24,677,4,L,QLD,TATTS RC QLD,DOOM,TATTERSALL'S CLASSIC,1200," $160,000 ",3YO&Up,F&M,SWP,COLIN MCALPINE CLASSIC
23-Nov-24,424,4,L,QLD,DOOM,DOOM,RECOGNITION STAKES,1350," $160,000 ",O,O,Qlty,RECOGNITION STAKES
23-Nov-24,43,1,G1,WA,WATC,ASCT,RAILWAY STAKES,1600," $1,500,000 ",3YO&Up,O,Qlty,RAILWAY STAKES
23-Nov-24,528,2,G2,WA,WATC,ASCT,W.A. GUINEAS,1600," $500,000 ",3-Y-O,O,SW,WA GUINEAS
23-Nov-24,504,4,L,WA,WATC,ASCT,A.J. SCAHILL CUP,2100," $125,000 ",3YO&Up,O,Qlty,A.J. SCAHILL CUP
23-Nov-24,242,4,L,WA,WATC,ASCT,CARBINE OF WA STAKES,1400," $125,000 ",3YO&Up,O,SWP,EASTER STKS
23-Nov-24,1011,3,G3,NSW,ILLAWARRA TC,K GR,THE GONG,1600," $1,000,000 ",3YO&Up,O,Qlty,THE GONG
23-Nov-24,1012,3,G3,NSW,ILLAWARRA TC,K GR,THE WARRA,1000," $300,000 ",O,O,HCP,THE WARRA
24-Nov-24,323,4,L,VIC,KILMORE TC,KILM,KILMORE CUP,1600," $200,000 ",O,O,Hcp,KILMORE CUP
27-Nov-24,579,4,L,TAS,TTC,LAUN,TASMANIAN NEWMARKET HCP,1200," $150,000 ",O,O,Qlty,TTC NEWMARKET HANDICAP
30-Nov-24,260,3,G3,NSW,ATC,RHIL,FESTIVAL STAKES,1500," $250,000 ",3YO&Up,O,Qlty,FESTIVAL STAKES
30-Nov-24,654,4,L,NSW,ATC,RHIL,STARLIGHT STAKES,1100," $200,000 ",3YO&Up,O,Qlty,STARLIGHT STAKES
30-Nov-24,450,2,G2,VIC,MRC,CAUL,SANDOWN GUINEAS,1600," $301,540 ",3-Y-O,O,SW,SANDOWN GUINEAS
30-Nov-24,449,2,G2,VIC,MRC,CAUL,ZIPPING CLASSIC,2400," $751,540 ",O,O,WFA,ZIPPING CLASSIC
30-Nov-24,243,3,G3,VIC,MRC,CAUL,ECLIPSE STAKES,1800," $200,990 ",O,O,Qlty,ECLIPSE STAKES
30-Nov-24,666,3,G3,VIC,MRC,CAUL,KEVIN HEFFERNAN STAKES,1400," $200,990 ",O,O,WFA,KEVIN HEFFERNAN STAKES
30-Nov-24,637,3,G3,VIC,MRC,CAUL,SUMMONED STAKES,1600," $200,990 ",4YO&Up,M,SWP,SUMMONED STAKES
30-Nov-24,236,4,L,VIC,MRC,CAUL,DOVETON STAKES,1200," $175,000 ",O,O,Hcp,DOVETON STAKES
30-Nov-24,356,4,L,VIC,MRC,CAUL,MERSON COOPER STAKES,1000," $175,750 ",2-Y-O,O,SW,MERSON COOPER STAKES
30-Nov-24,355,4,L,VIC,MRC,CAUL,TWILIGHT GLOW STAKES,1400," $175,750 ",3-Y-O,F,SWP,TWILIGHT GLOW STAKES
30-Nov-24,552,3,G3,QLD,BRC,DOOM,GEORGE MOORE STAKES,1200," $200,000 ",O,O,Qlty,GEORGE MOORE STAKES
30-Nov-24,718,4,L,QLD,BRC,DOOM,MODE STAKES,1200," $160,000 ",3-Y-O,F,Qlty,MODE STAKES
30-Nov-24,359,4,L,QLD,BRC,DOOM,PHELAN READY STAKES,1110," $200,000 ",2-Y-O,O,SW,PHELAN READY STAKES
30-Nov-24,549,1,G1,WA,WATC,ASCT,WINTERBOTTOM STAKES,1200," $1,500,000 ",3YO&Up,O,WFA,WINTERBOTTOM STKS
30-Nov-24,649,4,L,WA,WATC,ASCT,JUNGLE DAWN CLASSIC,1400," $125,000 ",3YO&Up,F&M,SWP,JUNGLE DAWN CLASSIC
30-Nov-24,465,4,L,WA,WATC,ASCT,SIR ERNEST LEE-STEERE CLASSIC,1400," $125,000 ",3-Y-O,O,SWP,LEE STEERE CLASSIC
07-Dec-24,128,4,L,VIC,BALLARAT TC,BRAT,BALLARAT CUP,2000," $500,000 ",O,O,Hcp,BALLARAT CUP
07-Dec-24,315,4,L,QLD,BRC,E FM,BRIBIE HANDICAP,1000," $160,000 ",O,O,Qlty,BRIBIE HANDICAP
07-Dec-24,664,4,L,QLD,BRC,E FM,JUST NOW QUALITY,1300," $160,000 ",O,F&M,Qlty,JUST NOW QUALITY
07-Dec-24,238,4,L,QLD,BRC,E FM,TAILS QUALITY,1500," $160,000 ",O,O,Qlty,TAILS QUALITY
07-Dec-24,438,1,G1,WA,WATC,ASCT,NORTHERLY STAKES ,1800," $1,500,000 ",3YO&Up,O,WFA,KINGSTON TOWN CLASSIC
07-Dec-24,516,4,L,WA,WATC,ASCT,G.A. TOWTON CUP,2200," $125,000 ",3YO&Up,O,Qlty,G.A. TOWTON CUP
11-Dec-24,941,RL,LR,NSW,WYONG RC,WYNG,MAGIC MILLIONS WYONG 2YO CLASSIC,1100," $200,000 ",2-Y-O,O,SW,MAGIC MILLIONS WYONG 2YO CLASSIC
11-Dec-24,218,4,L,TAS,TTC,LAUN,CONQUERING STAKES,1400," $125,000 ",O,O,WFA,PREMIUM STAKES
14-Dec-24,197,4,L,NSW,ATC,RAND,CHRISTMAS  CUP,2400," $200,000 ",3YO&Up,O,Qlty,CHRISTMAS CUP
14-Dec-24,527,2,G2,NSW,ATC,RAND,THE INGHAM,1600," $2,000,000 ",3YO&Up,O,Qlty,VILLIERS STAKES
14-Dec-24,267,4,L,NSW,ATC,RHIL,ATC CUP,2000," $200,000 ",3YO&Up,O,Qlty,FRANK UNDERWOOD CUP
14-Dec-24,619,4,L,NSW,ATC,RAND,RAZOR SHARP HCP,1200," $200,000 ",3YO&Up,O,Qlty,RAZOR SHARP HANDICAP
14-Dec-24,940,RL,LR,NSW,ATC,RAND,INGLIS NURSERY,1000," $500,000 ",2-Y-O,O,SW,INGLIS NURSERY
14-Dec-24,288,3,G3,QLD,BRC,E FM,GRAND PRIX STAKES,1800," $300,000 ",3-Y-O,O,SWP,GRAND PRIX STAKES
14-Dec-24,732,4,L,QLD,BRC,E FM,GOLD EDITION PLATE,1200," $200,000 ",3-Y-O,O,SW,GOLD EDITION PLATE
14-Dec-24,235,4,L,QLD,BRC,E FM,LOUGH NEAGH STAKES,1300," $200,000 ",O,O,SWP,LOUGH NEAGH STAKES
14-Dec-24,451,3,G3,WA,WATC,ASCT,THE GOLD RUSH,1400," $1,500,000 ",3YO&Up,O,WFA,THE GOLD RUSH
14-Dec-24,614,4,L,WA,WATC,ASCT,STARSTRUCK CLASSIC,1600," $125,000 ",3YO&Up,F&M,SWP,STARSTRUCK CLASSIC
18-Dec-24,645,4,L,VIC,VRC,FLEM,KENSINGTON STAKES,1000," $175,000 ",O,O,Hcp,KENSINGTON STAKES
18-Dec-24,118,4,L,WA,WATC,ASCT,A.T.A. STAKES,2200," $125,000 ",3YO&Up,O,Qlty,A.T.A STAKES
21-Dec-24,539,4,L,VIC,PAKENHAM RC,PAK,PAKENHAM CUP,2500," $300,000 ",O,O,Hcp,PAKENHAM CUP
21-Dec-24,558,3,G3,QLD,BRC,E FM,BJ MCLACHLAN STAKES,1200," $300,000 ",2-Y-O,O,SW,BJ MCLACHLAN STAKES
21-Dec-24,622,4,L,QLD,BRC,E FM,MEMBERS' MILE,1600," $160,000 ",O,O,SWP,MEMBERS' HANDICAP
21-Dec-24,681,4,L,QLD,BRC,E FM,FALVELON QUALITY,1200," $200,000 ",O,O,Qlty,FALVELON QUALITY
21-Dec-24,213,2,G2,WA,WATC,ASCT,TED VAN HEEMST STAKES,2100," $300,000 ",3YO&Up,O,WFA,C B COX STKS
26-Dec-24,488,3,G3,NSW,ATC,RAND,SUMMER CUP,2000," $250,000 ",3YO&Up,O,Qlty,SUMMER CUP
26-Dec-24,198,4,L,VIC,MRC,CAUL,CHRISTMAS STAKES,1200," $175,000 ",O,O,Hcp,CHRISTMAS STAKES
26-Dec-24,311,4,L,VIC,MRC,CAUL,LORD STAKES,1700," $175,000 ",O,O,Hcp,LORD STAKES
27-Dec-24,501,4,L,TAS,TRC,HOB,TASMANIAN STAKES,1600," $125,000 ",O,O,WFA,TASMANIAN STAKES
28-Dec-24,705,3,G3,QLD,BRC,DOOM,VO ROGUE PLATE,1400," $300,000 ",3-Y-O,O,SW,VO ROGUE PLATE
28-Dec-24,706,4,L,QLD,BRC,DOOM,NUDGEE QUALITY,1200," $200,000 ",O,F&M,SWP,NUDGEE QUALITY
28-Dec-24,29,4,L,SA,SAJC,MORP,CHRISTMAS HANDICAP,1200," $120,000 ",O,O,Qlty,CHRISTMAS HANDICAP
29-Dec-24,134,3,G3,NSW,GOSFORD RC LTD,GOSF,BELLE OF THE TURF STAKES,1600," $300,000 ",3YO&Up,F&M,Qlty,BELLE OF THE TURF STAKES
29-Dec-24,285,4,L,NSW,GOSFORD RC LTD,GOSF,GOSFORD GUINEAS,1200," $200,000 ",3-Y-O,O,SWP,GOSFORD GUINEAS
30-Dec-24,125,4,L,VIC,VRC,FLEM,BAGOT HANDICAP,2800," $175,000 ",O,O,Hcp,BAGOT HANDICAP
01-Jan-25,621,4,L,NSW,ATC,CANT,CANTERBURY SPRINT,1200," $200,000 ",3YO&Up,O,Qlty,CHRISTMAS CLASSIC
01-Jan-25,44,2,G2,WA,WATC,ASCT,PERTH CUP,2400," $1,000,000 ",3YO&Up,O,Qlty,PERTH CUP
01-Jan-25,699,3,G3,WA,WATC,ASCT,LA TRICE CLASSIC,1800," $200,000 ",2YO&Up,F&M,SWP,LA TRICE CLASSIC
01-Jan-25,700,4,L,WA,WATC,ASCT,SUMMER SCORCHER,1000," $125,000 ",2YO&Up,O,Qlty,SUMMER SCORCHER
03-Jan-25,499,4,L,TAS,TRC,HOB,TASMANIAN GUINEAS,1600," $125,000 ",3-Y-O,O,SW,TASMANIAN GUINEAS
04-Jan-25,974,4,L,VIC,GEELONG RC,GEEL,BLACK PEARL STAKES ,1200," $200,000 ",3YO&Up,F&M,SWP,BLACK PEARL
11-Jan-25,480,3,G3,VIC,VRC,FLEM,STANDISH HANDICAP,1200," $200,000 ",O,O,Hcp,STANDISH HANDICAP
11-Jan-25,749,RL,LR,QLD,GOLD COAST TC,GCTC,MAGIC MILLIONS 2YO CLASSIC,1200," $3,000,000 ",2-Y-O,O,SW,MAGIC MILLIONS 2YO CLASSIC
11-Jan-25,750,RL,LR,QLD,GOLD COAST TC,GCTC,MAGIC MILLIONS 3YO GUINEAS,1400," $3,000,000 ",3-Y-O,O,SWP,MAGIC MILLIONS 3YO GUINEAS
11-Jan-25,770,RL,LR,QLD,GOLD COAST TC,GCTC,MAGIC MILLIONS CUP,1400," $2,000,000 ",O,O,Qlty,MAGIC MILLIONS CUP
11-Jan-25,633,4,L,WA,WATC,ASCT,MISS ANDRETTI STAKES,1100," $125,000 ",2YO&Up,O,Qlty,RUABON SPRINT
18-Jan-25,502,4,L,NSW,ATC,RHIL,JANUARY CUP,2000," $200,000 ",3YO&Up,O,Qlty,TATTERSALLS CLUB CUP
19-Jan-25,497,4,L,TAS,TRC,HOB,ELWICK STAKES,1100," $125,000 ",2-Y-O,O,SW,ELWICK STAKES
24-Jan-25,452,3,G3,VIC,MRC,CAUL,MANFRED STAKES,1200," $200,000 ",3-Y-O,O,SWP,MANFRED STAKES
24-Jan-25,448,3,G3,VIC,MRC,CAUL,BLUE DIAMOND PREVIEW (F),1000," $250,000 ",2-Y-O,F,SWP,BLUE DIAMOND PREVIEW FILLY
24-Jan-25,447,4,L,VIC,MRC,CAUL,BLUE DIAMOND PREVIEW (C&G),1000," $250,000 ",2-Y-O,C&G,SWP,BLUE DIAMOND PREVIEW C&G
24-Jan-25,303,4,L,VIC,MRC,CAUL,W. J. (BILL) ADAMS STAKES,1000," $175,000 ",O,O,Hcp,W J ADAMS STAKES
24-Jan-25,130,4,L,VIC,MRC,CAUL,JOHN DILLON STAKES,1400," $175,000 ",O,O,Hcp,BARTON STAKES
24-Jan-25,608,4,L,TAS,TTC,LAUN,LAUNCESTON GUINEAS,2100," $125,000 ",3-Y-O,O,SW&P,LAUNCESTON GUINEAS
25-Jan-25,175,4,L,NSW,ATC,RAND,CARRINGTON STAKES,1400," $200,000 ",3YO&Up,O,Qlty,CARRINGTON STAKES
25-Jan-25,559,2,G2,VIC,MVRC,THE VALLEY,AUSTRALIA STAKES,1200," $300,000 ",O,O,WFA,STANLEY WOOTTON STAKES
25-Jan-25,679,4,L,QLD,SUN COAST TC,SCST,SUNSHINE COAST CUP,1400," $160,000 ",O,O,Qlty,SUNSHINE COAST CUP
25-Jan-25,122,4,L,WA,WATC,ASCT,SCENIC BLAST STAKES,1200," $125,000 ",2YO&Up,O,Qlty,AUSTRALIA DAY STKS
25-Jan-25,372,4,L,SA,SAJC,MORP,DURBRIDGE STAKES,1100," $120,000 ",O,O,WFA,DURBRIDGE STAKES
27-Jan-25,109,4,L,NSW,ATC,WFARM,AUSTRALIA DAY CUP,2400," $200,000 ",3YO&Up,O,Qlty,AUSTRALIA DAY CUP
01-Feb-25,162,3,G3,NSW,ATC,RHIL,CANONBURY STAKES,1100," $250,000 ",2-Y-O,C&G,SWP,CANONBURY STAKES
01-Feb-25,268,3,G3,NSW,ATC,RHIL ,SOUTHERN CROSS STAKES,1200," $250,000 ",3YO&Up,O,Qlty,SOUTHERN CROSS STAKES
01-Feb-25,542,3,G3,NSW,ATC,RHIL,WIDDEN STAKES,1100," $250,000 ",2-Y-O,F,SWP,WIDDEN STAKES
01-Feb-25,584,3,G3,VIC,MRC,CAUL,CHAIRMAN'S STAKES,1000," $200,000 ",2-Y-O,O,SWP,MRC CHAIRMAN'S STAKES
01-Feb-25,661,3,G3,VIC,MRC,CAUL,GEOFFREY BELMAINE STAKES,1200," $200,000 ",4YO&Up,M,SWP,GEOFFREY BELMAINE STAKES
02-Feb-25,734,4,L,WA,BUNBURY RC,BUNB,WESTERN AUSTRALIAN BREEDERS' CLASSIC,1200," $125,000 ",3-Y-O,O,SWP,SOUTH WEST BREEDERS' CLASSIC
07-Feb-25,692,3,G3,TAS,TRC,HOB,MYSTIC JOURNEY STAKES,1200," $150,000 ",3YO&UP,F&M,WFA,BOW MISTRESS TROPHY
07-Feb-25,498,4,L,TAS,TRC,HOB,TASMANIAN DERBY,2200," $150,000 ",3-Y-O,O,SW,TASMANIAN DERBY
08-Feb-25,251,3,G3,NSW,ATC,RAND,ESKIMO PRINCE STAKES,1200," $250,000 ",3-Y-O,O,SWP,ESKIMO PRINCE STKS
08-Feb-25,962,4,L,NSW,ATC,RAND,LONHRO PLATE,1100," $200,000 ",2-Y-O,O,SWP,LONHRO PLATE
08-Feb-25,942,RL,LR,NSW,ATC,RAND,INGLIS MILLENNIUM,1200," $2,000,000 ",2-Y-O,O,SW,INGLIS MILLENNIUM
08-Feb-25,124,2,G2,VIC,MRC,CAUL,AUTUMN STAKES,1400," $300,000 ",3-Y-O,O,SWP,AUTUMN STAKES
08-Feb-25,179,2,G2,VIC,MRC,CAUL,BLUE DIAMOND PRELUDE (F),1100," $350,000 ",2-Y-O,F,SW,BLUE DIAMOND PRELUDE FLLY
08-Feb-25,316,3,G3,VIC,MRC,CAUL,KEVIN HAYES STAKES,1200," $200,000 ",3-Y-O,F,SWP,BORONIA STAKES
08-Feb-25,178,3,G3,VIC,MRC,CAUL,BLUE DIAMOND PRELUDE (C&G),1100," $350,000 ",2-Y-O,C&G,SW,BLUE DIAMOND PRELUDE (C&G)
08-Feb-25,393,1,G1,VIC,MRC,CAUL,C.F. ORR STAKES,1400," $750,000 ",O,O,WFA,C.F. ORR STAKES
08-Feb-25,576,2,G2,VIC,MRC,CAUL,RUBITON STAKES,1100," $300,000 ",O,O,SWP,RUBITON STAKES
08-Feb-25,170,3,G3,VIC,MRC,CAUL,T S CARLYON CUP,1600," $200,000 ",O,O,SWP,T S CARLYON CUP
08-Feb-25,220,4,L,WA,WATC,ASCT,CYRIL FLOWER STAKES,1200," $125,000 ",2YO&Up,O,Qlty,CYRIL FLOWER STKS
08-Feb-25,31,4,L,SA,SAJC,MORP,PREMIERS PLATE,2000," $120,000 ",3YO&Up,O,Qlty,PREMIERS PLATE
09-Feb-25,40,3,G3,TAS,TRC,HOB,HOBART CUP,2400," $300,000 ",O,O,Hcp,HOBART CUP
09-Feb-25,487,4,L,TAS,TRC,HOB,STRUTT STAKES,2100," $125,000 ",3-Y-O,F,SW&P,STRUTT STAKES
09-Feb-25,247,4,L,TAS,TRC,HOB,THOMAS LYONS STAKES,1400," $125,000 ",O,O,WFA,THOMAS LYONS STAKES
14-Feb-25,742,4,L,VIC,MVRC,THE VALLEY,MV NIGHT CUP,2500," $200,000 ",O,O,Hcp,MV NIGHT CUP
15-Feb-25,112,2,G2,NSW,ATC,RAND,APOLLO STAKES,1400," $300,000 ",3YO&Up,O,WFA,APOLLO STAKES
15-Feb-25,254,2,G2,NSW,ATC,RAND,EXPRESSWAY STAKES,1200," $300,000 ",3YO&Up,O,SWP,EXPRESSWAY STAKES
15-Feb-25,330,2,G2,NSW,ATC,RAND,LIGHT FINGERS STAKES,1200," $300,000 ",3-Y-O,F,SW,LIGHT FINGERS STAKES
15-Feb-25,629,3,G3,NSW,ATC,RAND,TRISCAY STAKES,1200," $250,000 ",4YO&Up,M,Qlty,TRISCAY STAKES
15-Feb-25,226,3,G3,VIC,VRC,FLEM,CS HAYES STAKES,1400," $200,000 ",3-Y-O,C&G,SWP,THE DEBONAIR
15-Feb-25,496,4,L,VIC,VRC,FLEM,TALINDERT STAKES,1100," $175,000 ",2-Y-O,O,SWP,TALINDERT STAKES
15-Feb-25,332,1,G1,VIC,VRC,FLEM,BLACK CAVIAR LIGHTNING STAKES,1000," $1,000,000 ",O,O,WFA,VRC LIGHTNING STAKES
15-Feb-25,265,3,G3,VIC,VRC,FLEM,FRANCES TRESSADY STAKES,1400," $200,000 ",3YO&Up,F&M,SWP,FRANCES TRESSADY STAKES
15-Feb-25,329,4,L,VIC,VRC,FLEM,THE ELMS HANDICAP,1400," $175,000 ",O,O,Hcp,VRC MARCH STAKES
15-Feb-25,491,4,L,VIC,VRC,FLEM,DESIRABLE STAKES,1400," $175,000 ",3-Y-O,F,SWP,DESIRABLE STAKES
15-Feb-25,944,RL,LR,WA,PINJARRA RC,PINJ,MAGIC MILLIONS WA 2YO CLASSIC,1200," $250,000 ",2-Y-O,O,SW,MAGIC MILLIONS PERTH 2YO CLASSIC
15-Feb-25,943,RL,LR,WA,PINJARRA RC,PINJ,MAGIC MILLIONS WA 3YO TROPHY,1200," $250,000 ",3-Y-O,O,SW,MAGIC MILLIONS 3YO TROPHY
21-Feb-25,500,4,L,TAS,TTC,LAUN,TASMANIAN OAKS,2100," $150,000 ",3-Y-O,F,SW,TASMANIAN OAKS
22-Feb-25,310,2,G2,NSW,ATC,RHIL,HOBARTVILLE STAKES,1400," $400,000 ",3-Y-O,O,SW,HOBARTVILLE STAKES
22-Feb-25,647,2,G2,NSW,ATC,RHIL,MILLIE FOX STAKES,1300," $300,000 ",3YO&Up,F&M,SWP,MILLIE FOX STAKES
22-Feb-25,25,2,G2,NSW,ATC,RHIL,SILVER SLIPPER STAKES,1100," $300,000 ",2-Y-O,O,SW,SILVER SLIPPER STAKES
22-Feb-25,397,3,G3,NSW,ATC,RHIL,PARRAMATTA CUP,1900," $200,000 ",3YO&Up,O,Qlty,PARRAMATTA CUP
22-Feb-25,21,1,G1,VIC,MRC,CAUL,BLUE DIAMOND STAKES,1200," $1,500,000 ",2-Y-O,O,SW,BLUE DIAMOND STAKES
22-Feb-25,518,2,G2,VIC,MRC,CAUL,ANGUS ARMANASCO STAKES,1400," $300,000 ",3-Y-O,F,SW,ANGUS ARMANASCO STAKES
22-Feb-25,180,2,G2,VIC,MRC,CAUL,CAULFIELD AUTUMN CLASSIC,1800," $300,000 ",3-Y-O,O,SW,CAULFIELD AUTUMN CLASSIC
22-Feb-25,563,3,G3,VIC,MRC,CAUL,ZEDITAVE STAKES,1200," $200,000 ",3-Y-O,O,SWP,ZEDITAVE STAKES
22-Feb-25,17,1,G1,VIC,MRC,CAUL,FUTURITY STAKES,1400," $750,000 ",O,O,WFA,FUTURITY STAKES
22-Feb-25,387,1,G1,VIC,MRC,CAUL,OAKLEIGH PLATE,1100," $750,000 ",O,O,Hcp,OAKLEIGH PLATE
22-Feb-25,562,3,G3,VIC,MRC,CAUL,MANNERISM STAKES,1400," $200,000 ",4YO&Up,M,SWP,MANNERISM STAKES
22-Feb-25,665,4,L,VIC,MRC,CAUL,VICTORIA GOLD CUP,2000," $175,000 ",O,O,Qlty,MORNINGTON CUP PRELUDE
22-Feb-25,185,4,L,WA,WATC,ASCT,CHALLENGE STAKES,1500," $125,000 ",3-Y-O,O,SWP,WATC CHALLENGE STKS
22-Feb-25,596,4,L,WA,WATC,ASCT,DETONATOR STAKES,1800," $125,000 ",2YO&Up,O,SWP,DETONATOR HCP
22-Feb-25,541,3,G3,SA,SAJC,MORP,LORD REIMS STAKES,2600," $150,000 ",O,O,SWP,LORD REIMS STAKES
22-Feb-25,199,4,L,SA,SAJC,MORP,CINDERELLA STAKES,1050," $120,000 ",2-Y-O,F,SW,CINDERELLA STAKES
22-Feb-25,201,4,L,SA,SAJC,MORP,CITY OF MARION STAKES,1200," $120,000 ",3YO&Up,O,Qlty H,CITY OF MARION STAKES
23-Feb-25,701,4,L,WA,PINJARRA RC,PINJ,PINJARRA CLASSIC,1300," $150,000 ",2YO&Up,O,Qlty,PINJARRA STKS
26-Feb-25,282,4,L,TAS,TTC,LAUN,GOLD SOVEREIGN STAKES,1200," $150,000 ",2-Y-O,O,SW,GOLD SOVEREIGN STAKES
26-Feb-25,41,3,G3,TAS,TTC,LAUN,LAUNCESTON CUP,2400," $300,000 ",O,O,Hcp,LAUNCESTON CUP
26-Feb-25,709,3,G3,TAS,TTC,LAUN,VAMOS STAKES,1400," $150,000 ",3YO&Up,F&M,WFA,VAMOS STAKES
26-Feb-25,374,4,L,TAS,TTC,LAUN,HELLOVA STREET STAKES,1600," $125,000 ",O,O,WFA,MOWBRAY STAKES
01-Mar-25,195,1,G1,NSW,ATC,RAND,VERRY ELLEEGANT STAKES,1600," $1,000,000 ",3YO&Up,O,WFA,CHIPPING NORTON STAKES
01-Mar-25,493,1,G1,NSW,ATC,RAND,SURROUND STAKES,1400," $750,000 ",3-Y-O,F,SW,SURROUND STAKES
01-Mar-25,628,2,G2,NSW,ATC,RAND,GUY WALTER STAKES,1400," $300,000 ",4YO&Up,M,SWP,GUY WALTER STAKES
01-Mar-25,468,2,G2,NSW,ATC,RAND,SKYLINE STAKES,1200," $300,000 ",2-Y-O,C&G,SW,SKYLINE STAKES
01-Mar-25,494,2,G2,NSW,ATC,RAND,SWEET EMBRACE STAKES,1200," $300,000 ",2-Y-O,F,SW,SWEET EMBRACE STAKES
01-Mar-25,336,3,G3,NSW,ATC,RAND,LIVERPOOL CITY CUP,1300," $250,000 ",3YO&Up,O,Qlty,LIVERPOOL CITY CUP
01-Mar-25,123,1,G1,VIC,VRC,FLEM,AUSTRALIAN GUINEAS,1600," $1,000,000 ",3-Y-O,O,SW,AUSTRALIAN GUINEAS
01-Mar-25,223,4,L,VIC,VRC,FLEM,FESTIVAL OF RACING STAKES,1000," $175,000 ",2-Y-O,O,SWP,FLEMINGTON FESTIVAL OF RACING STAKES
01-Mar-25,147,2,G2,VIC,VRC,FLEM,BLAMEY STAKES,1600," $300,000 ",3YO&Up,O,SWP,BLAMEY STAKES
07-Mar-25,169,3,G3,NSW,NEWCASTLE JC,NCLE,NEWCASTLE NEWMARKET HCP,1400," $250,000 ",O,O,Qlty,NEWCASTLE NEWMARKET HCP
08-Mar-25,165,1,G1,NSW,ATC,RAND,CANTERBURY STAKES,1300," $750,000 ",3YO&Up,O,WFA,CANTERBURY STAKES
08-Mar-25,164,1,G1,NSW,ATC,RAND,RANDWICK GUINEAS,1600," $1,000,000 ",3-Y-O,O,SW,RANDWICK GUINEAS
08-Mar-25,186,2,G2,NSW,ATC,RAND,CHALLENGE STAKES,1000," $500,000 ",3YO&Up,O,WFA,ATC CHALLENGE STAKES
08-Mar-25,428,2,G2,NSW,ATC,RAND,REISLING STAKES,1200," $300,000 ",2-Y-O,F,SW,REISLING STAKES
08-Mar-25,511,2,G2,NSW,ATC,RAND,TODMAN STAKES,1200," $300,000 ",2-Y-O,C&G,SW,TODMAN STAKES
08-Mar-25,674,3,G3,NSW,ATC,RAND,ASPIRATION QUALITY,1600," $250,000 ",3YO&Up,F&M,Qlty,ASPIRATION QUALITY
08-Mar-25,675,3,G3,NSW,ATC,RAND,WENONA GIRL QUALITY,1200," $250,000 ",4YO&Up,M,Qlty,WENONA GIRL QUALITY
08-Mar-25,725,4,L,NSW,ATC,RAND,FIREBALL STAKES,1100," $200,000 ",3-Y-O,O,SWP,FIREBALL STAKES
08-Mar-25,163,4,L,NSW,ATC,RAND,RANDWICK CITY STAKES,2000," $200,000 ",3YO&Up,O,Qlty,RANDWICK CITY STAKES
08-Mar-25,322,2,G2,VIC,VRC,FLEM,A.V KEWNEY STAKES,1600," $300,000 ",3-Y-O,F,SW,A.V KEWNEY STAKES
08-Mar-25,9,2,G2,VIC,VRC,FLEM,VRC SIRES' PRODUCE STAKES,1400," $300,000 ",2-Y-O,O,SW,VRC SIRES' PRODUCE STAKES
08-Mar-25,159,3,G3,VIC,VRC,FLEM,OTTAWA STAKES,1000," $203,025 ",2-Y-O,F,SW,OTTAWA STAKES
08-Mar-25,12,1,G1,VIC,VRC,FLEM,NEWMARKET HANDICAP,1200," $1,500,000 ",O,O,Hcp,VRC NEWMARKET HANDICAP
08-Mar-25,606,3,G3,VIC,VRC,FLEM,MATRON STAKES,1600," $200,000 ",3YO&Up,F&M,SWP,MATRON STAKES
08-Mar-25,1013,1,G1,VIC,VRC,FLEM,ALL STAR MILE,1600," $2,500,000 ",O,O,WFA,ALL STAR MILE
08-Mar-25,357,3,G3,VIC,VRC,FLEM,SHAFTESBURY AVENUE HCP,1400," $200,000 ",O,O,Hcp,SHAFTESBURY AVENUE HCP
08-Mar-25,640,4,L,QLD,GOLD COAST TC,GCST,GOLDMARKET HANDICAP,1200," $160,000 ",O,O,Qlty,GOLDMARKET HANDICAP
08-Mar-25,156,4,L,WA,BUNBURY RC,BUNB,BUNBURY CUP,2000," $150,000 ",3YO&Up,O,Qlty,BUNBURY CUP
08-Mar-25,157,4,L,WA,BUNBURY RC,BUNB,BUNBURY STAKES,1400," $150,000 ",2YO&Up,O,Qlty,BUNBURY STKS
09-Mar-25,724,4,L,WA,WATC,ASCT,ASCOT 1000 GUINEAS,1800," $125,000 ",3-Y-O,F,SWP,WATC ASCOT 1000 GUINEAS
09-Mar-25,635,4,L,WA,WATC,ASCT,LEX PIPER STAKES,1600," $125,000 ",3-Y-O,C&G,SWP,T.J. SMITH TROPHY
09-Mar-25,146,3,G3,ACT,CANBERRA RC,CANB,BLACK OPAL STAKES,1200," $250,000 ",2-Y-O,O,SWP,BLACK OPAL STAKES
09-Mar-25,161,4,L,ACT,CANBERRA RC,CANB,CANBERRA CUP,2000," $250,000 ",O,O,Qlty,CANBERRA CUP
09-Mar-25,735,4,L,ACT,CANBERRA RC,CANB,CANBERRA GUINEAS,1400," $165,000 ",3-Y-O ,O,SWP,CANBERRA GUINEAS
09-Mar-25,437,4,L,ACT,CANBERRA RC,CANB,NATIONAL SPRINT,1400," $165,000 ",O,O,Qlty,NATIONAL SPRINT
10-Mar-25,28,2,G2,SA,SAJC,MORP,ADELAIDE CUP,3200," $350,000 ",3YO&Up,O,Hcp,ADELAIDE CUP
10-Mar-25,503,4,L,SA,SAJC,MORP,C S HAYES MEMORIAL CUP,1600," $120,000 ",3YO&Up,O,Qlty,COLIN HAYES MEMORIAL CUP
10-Mar-25,250,4,L,SA,SAJC,MORP,MANIHI CLASSIC,1100," $120,000 ",O,O,Qlty,MANIHI CLASSIC
10-Mar-25,373,4,L,SA,SAJC,MORP,MORPHETTVILLE GUINEAS,1600," $120,000 ",3-Y-O,O,SW,MORPHETTVILLE GUINEAS
14-Mar-25,668,3,G3,NSW,ILLAWARRA TC,KEMB,KEITH F NOLAN CLASSIC,1600," $250,000 ",3-Y-O,F ,SWP,KEMBLA GRANGE CLASSIC
15-Mar-25,391,1,G1,NSW,ATC,RHIL,COOLMORE CLASSIC,1500," $1,000,000 ",3YO&Up,F&M,Qlty,TAD KENNEDY STAKES
15-Mar-25,233,2,G2,NSW,ATC,RHIL,AJAX STAKES,1500," $300,000 ",3YO&Up,O,Qlty,AJAX STAKES
15-Mar-25,401,2,G2,NSW,ATC,RHIL,PHAR LAP STAKES,1500," $300,000 ",3-Y-O,O,SW,PHAR LAP STAKES
15-Mar-25,342,3,G3,NSW,ATC,RHIL,MAGIC NIGHT STAKES,1200," $250,000 ",2-Y-O,F,SW,MAGIC NIGHT STAKES
15-Mar-25,603,3,G3,NSW,ATC,RHIL,MAURICE McCARTEN STAKES,1100," $250,000 ",3YO&Up,O,Qlty,MAURICE McCARTEN STAKES
15-Mar-25,396,3,G3,NSW,ATC,RHIL,PAGO PAGO STAKES,1200," $250,000 ",2-Y-O,C&G,SW,PAGO PAGO STAKES
15-Mar-25,598,3,G3,NSW,ATC,RHIL,SKY HIGH STAKES,2000," $350,000 ",3YO&Up,O,SWP,SKY HIGH STAKES
15-Mar-25,474,2,G2,VIC,MRC,CAUL,PETER YOUNG STAKES,1800," $500,000 ",O,O,WFA,PETER YOUNG STAKES 
15-Mar-25,702,4,L,WA,WATC,ASCT,SHEILA GWYNNE STAKES,1400," $125,000 ",2YO&Up,F&M,SWP,MATCHMAKER CLASSIC
22-Mar-25,277,1,G1,NSW,ATC,RHIL,GEORGE RYDER STAKES,1500," $1,000,000 ",3YO&Up,O,WFA,GEORGE RYDER STAKES
22-Mar-25,7,1,G1,NSW,ATC,RHIL,GOLDEN SLIPPER STAKES,1200," $5,000,000 ",2-Y-O,O,SW,GOLDEN SLIPPER STAKES
22-Mar-25,423,1,G1,NSW,ATC,RHIL,RANVET STAKES,2000," $1,000,000 ",3YO&Up,O,WFA,RAWSON STAKES
22-Mar-25,15,1,G1,NSW,ATC,RHIL,ROSEHILL GUINEAS,2000," $750,000 ",3-Y-O,O,SW,ROSEHILL GUINEAS
22-Mar-25,272,1,G1,NSW,ATC,RHIL,THE GALAXY,1100," $1,000,000 ",3YO&Up,O,Hcp,THE GALAXY
22-Mar-25,143,3,G3,NSW,ATC,RHIL,BIRTHDAY CARD STAKES,1200," $250,000 ",3YO&Up,F&M,Qlty,BIRTHDAY CARD STKS
22-Mar-25,660,3,G3,NSW,ATC,RHIL,EPONA STAKES,1900," $250,000 ",3YO&Up,F&M,SWP,EPONA STAKES
22-Mar-25,344,3,G3,NSW,ATC,RHIL,N E MANION QUALITY CUP,2400," $250,000 ",3YO&Up,O,Qlty,N E MANION CUP
22-Mar-25,224,4,L,NSW,ATC,RHIL,DARBY MUNRO STAKES,1200," $200,000 ",3-Y-O,O,SWP,DARBY MUNRO STKS
22-Mar-25,102,2,G2,VIC,MVRC,THE VALLEY,ALISTER CLARK STAKES,2040," $750,000 ",3-Y-O,O,SW,ALISTER CLARK STAKES
22-Mar-25,731,3,G3,VIC,MVRC,THE VALLEY,(DON CASBOULT) TYPHOON TRACY STAKES,1200," $200,000 ",3-Y-O,F,SWP,TYPHOON TRACY STAKES
22-Mar-25,263,3,G3,VIC,MVRC,THE VALLEY,ALEXANDRA STAKES,1600," $200,000 ",3-Y-O,F,SWP,ALEXANDRA STAKES
22-Mar-25,291,4,L,VIC,MVRC,THE VALLEY,THE VALLEY PEARL,1000," $175,000 ",2-Y-O,O,SW,ST. ALBANS STAKES
22-Mar-25,544,1,G1,VIC,MVRC,THE VALLEY,WILLIAM REID STAKES,1200," $1,000,000 ",O,O,WFA,WILLIAM REID STAKES
22-Mar-25,232,2,G2,VIC,MVRC,THE VALLEY,SUNLINE STAKES,1600," $300,000 ",3YO&Up,F&M,WFA,SUNLINE STAKES
22-Mar-25,740,4,L,VIC,MVRC,THE VALLEY,ABELL STAKES,1200," $175,000 ",O,O,Hcp,MOONEE VALLEY QUALITY
22-Mar-25,149,4,L,WA,WATC,ASCT,J.C. ROBERTS STAKES,1800," $125,000 ",3-Y-O,C&G,SWP,J.C. ROBERTS STKS
22-Mar-25,667,4,L,WA,WATC,ASCT,NATASHA STAKES,2200," $125,000 ",3-Y-O,F,SWP,NATASHA STKS
22-Mar-25,566,4,L,WA,WATC,ASCT,GRANDSTAND CUP,1500," $125,000 ",2YO&Up,O,Qlty,GRANDSTAND CUP
23-Mar-25,402,4,L,WA,PINJARRA RC,PINJ,PINJARRA CUP,2300," $150,000 ",3YO&Up,O,Qlty,PINJARRA CUP
29-Mar-25,3,1,G1,NSW,ATC,RHIL,H.E. TANCRED STAKES,2400," $1,500,000 ",3YO&Up,O,WFA,H E TANCRED STAKES
29-Mar-25,484,1,G1,NSW,ATC,RHIL,VINERY STUD STAKES,2000," $750,000 ",3-Y-O,F,SW,STORM QUEEN STAKES
29-Mar-25,248,2,G2,NSW,ATC,RHIL,EMANCIPATION STAKES,1500," $300,000 ",3YO&Up,F&M,SWP,EMANCIPATION STAKES
29-Mar-25,174,2,G2,NSW,ATC,RHIL,TULLOCH STAKES,2000," $300,000 ",3-Y-O,C&G,SW,TULLOCH STAKES
29-Mar-25,439,3,G3,NSW,ATC,RHIL,DONCASTER PRELUDE,1500," $250,000 ",3YO&Up,O,Qlty,ROYAL PARMA STAKES
29-Mar-25,572,2,G2,NSW,ATC,RHIL,NEVILLE SELLWOOD STAKES,2000," $250,000 ",4YO&Up,O,SWP,NEVILLE SELLWOOD STAKES
29-Mar-25,481,3,G3,NSW,ATC,RHIL,STAR KINGDOM STAKES,1200," $250,000 ",3YO&Up,O,Qlty,STAR KINGDOM STKS
29-Mar-25,126,3,G3,NSW,ATC,RHIL,T L BAILLIEU,1400," $250,000 ",2-Y-O,O,Qlty,T L BAILLIEU HCP
29-Mar-25,148,3,G3,VIC,VRC,FLEM,THOROUGHBRED BREEDERS STAKES,1200," $200,000 ",2-Y-O,F,SWP,THOROUGHBRED BREEDERS ST.
29-Mar-25,366,4,L,VIC,VRC,FLEM,MOOMBA PLATE,1100," $175,000 ",3-Y-O,O,Hcp,MOOMBA PLATE
29-Mar-25,18,1,G1,VIC,VRC,FLEM,AUSTRALIAN CUP,2000," $2,500,000 ",O,O,WFA,AUSTRALIAN CUP
29-Mar-25,154,4,L,VIC,VRC,FLEM,BOB HOYSTED STAKES,1000," $175,000 ",4YO&Up,O,Hcp,BOB HOYSTED STAKES
29-Mar-25,730,4,L,VIC,VRC,FLEM,ROY HIGGINS QUALITY,2600," $300,000 ",3YO&Up,O,SWP,ROY HIGGINS QUALITY
29-Mar-25,492,4,L,WA,WATC,ASCT,SUPREMACY STAKES,1000," $125,000 ",2-Y-O,O,SWP,SUPREMACY STKS
29-Mar-25,327,4,L,SA,SAJC,MORP,CLARE LINDOP STAKES,1600," $120,000 ",3-Y-O,F,SWP,CLARE LINDOP STAKES
29-Mar-25,574,4,L,SA,SAJC,MORP,MATRICE STAKES,1200," $120,000 ",O,O,SWP,MATRICE STAKES
05-Apr-25,5,1,G1,NSW,ATC,RAND,ATC AUSTRALIAN DERBY,2400," $2,000,000 ",3-Y-O,O,SW,ATC AUSTRALIAN DERBY
05-Apr-25,10,1,G1,NSW,ATC,RAND,ATC SIRES PRODUCE STAKES,1400," $1,000,000 ",2-Y-O,O,SW,ATC SIRES PRODUCE STAKES
05-Apr-25,13,1,G1,NSW,ATC,RAND,DONCASTER HANDICAP,1600," $4,000,000 ",3YO&Up,O,Hcp,DONCASTER HANDICAP
05-Apr-25,646,1,G1,NSW,ATC,RAND,T J SMITH STAKES,1200," $3,000,000 ",O,O,WFA,T J SMITH STAKES
05-Apr-25,182,2,G2,NSW,ATC,RAND,CHAIRMAN'S HANDICAP,2600," $300,000 ",3YO&Up,O,Qlty,AJC CHAIRMANS HANDICAP
05-Apr-25,101,3,G3,NSW,ATC,RAND,ADRIAN KNOX QLTY STAKES,2000," $250,000 ",3-Y-O,F,Qlty,ADRIAN KNOX STAKES
05-Apr-25,167,3,G3,NSW,ATC,RAND,CARBINE CLUB STAKES,1600," $250,000 ",3-Y-O,O,SWP,AJC CARBINE CLUB STAKES
05-Apr-25,571,3,G3,NSW,ATC,RAND,KINDERGARTEN STAKES,1100," $250,000 ",2-Y-O,O,SW,KINDERGARTEN STAKES
05-Apr-25,107,3,G3,NSW,ATC,RAND,P J BELL STAKES,1200," $250,000 ",3-Y-O,F,SWP,P J BELL STAKES
05-Apr-25,714,4,L,VIC,MRC,CAUL,REDOUTE'S CHOICE STAKES,1100," $175,000 ",2-Y-O,O,Hcp,REDOUTE'S CHOICE STAKES
05-Apr-25,240,3,G3,VIC,MRC,CAUL,EASTER CUP,2000," $200,000 ",O,O,Hcp,MRC EASTER CUP
05-Apr-25,526,3,G3,VIC,MRC,CAUL,VICTORIA HANDICAP,1400," $200,000 ",O,O,Hcp,VICTORIA HANDICAP
05-Apr-25,729,4,L,VIC,MRC,CAUL,GALILEE SERIES FINAL,2400," $200,000 ",3-Y-O,O,SWP,GALILEE SERIES FINAL
05-Apr-25,352,4,L,WA,WATC,ASCT,MELVISTA STAKES,2200," $125,000 ",3-Y-O,C&G,SWP,MELVISTA STKS
05-Apr-25,529,3,G3,WA,WATC,ASCT,W.A. OAKS,2400," $300,000 ",3-Y-O,F,SW,WA OAKS
05-Apr-25,554,4,L,WA,WATC,ASCT,OLD COMRADE STAKES,1600," $125,000 ",2YO&Up,O,Qlty,YORK HCP
05-Apr-25,230,4,L,SA,SAJC,MORPP,DEQUETTEVILLE STAKES,1000," $120,000 ",2-Y-O,F,SW,DEQUETTEVILLE STAKES
05-Apr-25,383,4,L,SA,SAJC,MORPP,H C NITSCHKE STAKES,1400," $120,000 ",3-Y-O,O,SWP,H C NITSCHKE STAKES
12-Apr-25,20,1,G1,NSW,ATC,RAND,ATC OAKS,2400," $1,000,000 ",3-Y-O,F,SW,ATC AUSTRALIAN OAKS
12-Apr-25,412,1,G1,NSW,ATC,RAND,QUEEN ELIZABETH STAKES,2000," $5,000,000 ",3YO&Up,O,WFA,ATC QUEEN ELIZABETH STAKES
12-Apr-25,415,1,G1,NSW,ATC,RAND,QUEEN OF THE TURF STAKES,1600," $1,000,000 ",3YO&Up,F&M,WFA,QUEEN OF THE TURF STAKES
12-Apr-25,8,1,G1,NSW,ATC,RAND,SYDNEY CUP,3200," $2,000,000 ",3YO&Up,O,Hcp,SYDNEY CUP
12-Apr-25,441,2,G2,NSW,ATC,RAND,ARROWFIELD 3YO SPRINT,1200," $1,000,000 ",3-Y-O,O,SW,ROYAL SOVEREIGN STAKES
12-Apr-25,321,2,G2,NSW,ATC,RAND,PERCY SYKES STAKES,1200," $1,000,000 ",2-Y-O,F,SWP,KEITH MACKAY HANDICAP
12-Apr-25,650,2,G2,NSW,ATC,RAND,SAPPHIRE STAKES,1200," $300,000 ",3YO&Up,F&M,SWP,SAPPHIRE STAKES
12-Apr-25,259,4,L,NSW,ATC,RAND,FERNHILL HANDICAP,1600," $200,000 ",2-Y-O,O,Qlty,FERNHILL HANDICAP
12-Apr-25,659,4,L,NSW,ATC,RAND,SOUTH PACIFIC CLASSIC,1400," $200,000 ",3-Y-O,O,Qlty,SOUTH PACIFIC CLASSIC
12-Apr-25,778,4,L,VIC,BJC,BEND,BENDIGO GUINEAS,1400," $200,000 ",3-Y-O,O,SWP,BENDIGO GUINEAS
12-Apr-25,779,4,L,VIC,BJC,BEND,GOLDEN MILE,1600," $200,000 ",O,O,Hcp,GOLDEN MILE
12-Apr-25,280,3,G3,WA,WATC,ASCT,GIMCRACK STKS,1100," $200,000 ",2-Y-O,F,SWP,WATC GIMCRACK STKS
12-Apr-25,432,3,G3,WA,WATC,ASCT,ROMA CUP,1100," $200,000 ",2YO&Up,O,WFA,ROMA CUP
12-Apr-25,456,4,L,WA,WATC,ASCT,PERTH STAKES,1100," $200,000 ",2-Y-O,C&G,SWP,PERTH STKS
12-Apr-25,119,3,G3,SA,SAJC,MORP,AURARIA STAKES,1800," $150,000 ",3-Y-O,F,SWP,AURARIA STAKES
12-Apr-25,314,3,G3,SA,SAJC,MORP,R N IRWIN STAKES,1100," $150,000 ",O,O,WFA,R N IRWIN STAKES
12-Apr-25,430,4,L,SA,SAJC,MORPP,CITY OF ADELAIDE HCP,1500," $120,000 ",3YO&Up,O,Qlty,CITY OF ADELAIDE HCP
12-Apr-25,404,4,L,SA,SAJC,MORP,PORT ADELAIDE GUINEAS,1800," $120,000 ",3-Y-O,O,SW,PORT ADELAIDE GUINEAS
12-Apr-25,631,4,L,SA,SAJC,MORP,REDELVA STAKES,1100," $120,000 ",3-Y-O,O,SWP,REDELVA STAKES
12-Apr-25,411,4,L,SA,SAJC,MORP,WITHOUT FEAR STAKES,1050," $120,000 ",2-Y-O,O,SW,WITHOUT FEAR STAKES
17-Apr-25,736,4,L,NSW,ARC,ALB,ALBURY GOLD CUP,2000," $200,000 ",3YO&Up,O,Qlty,ALBURY CUP
19-Apr-25,104,1,G1,NSW,ATC,RAND,ALL AGED STAKES,1400," $1,500,000 ",O,O,WFA,ALL AGED STAKES
19-Apr-25,24,1,G1,NSW,ATC,RAND,CHAMPAGNE STAKES,1600," $1,000,000 ",2-Y-O,O,SW,CHAMPAGNE STAKES
19-Apr-25,266,3,G3,NSW,ATC,RAND,FRANK PACKER PLATE,2000," $250,000 ",3-Y-O,O,SW,FRANK PACKER PLATE
19-Apr-25,295,3,G3,NSW,ATC,RAND,HALL MARK STAKES,1200," $250,000 ",3YO&Up,O,SWP,HALL MARK STAKES
19-Apr-25,173,3,G3,NSW,ATC,RAND,JAMES H B CARR STAKES,1400," $250,000 ",3-Y-O,F,SWP,J H B CARR STAKES
19-Apr-25,643,3,G3,NSW,ATC,RAND,JAPAN RACING ASSOC PLATE,2000," $250,000 ",3YO&Up,O,Qlty,JAPAN RACING ASSCTIAN PLT
19-Apr-25,111,4,L,VIC,MORN RC,MORN,HAREEBA STAKES,1200," $200,000 ",O,O,Hcp,HAREEBA STAKES
19-Apr-25,370,4,L,VIC,MORN RC,MORN,MORNINGTON CUP,2400," $300,000 ",O,O,Hcp,MORNINGTON CUP
19-Apr-25,115,4,L,QLD,BRC,E FM,ASCOT HANDICAP,1000," $160,000 ",3YO&Up,O,Qlty,ASCOT HANDICAP
19-Apr-25,689,4,L,QLD,BRC,E FM,DAYBREAK LOVER,1400," $160,000 ",3-Y-O,O,SW,DAYBREAK LOVER
19-Apr-25,45,2,G2,WA,WATC,ASCT,W.A.T.C. DERBY,2400," $400,000 ",3-Y-O,O,SW,W.A.T.C. DERBY
19-Apr-25,470,4,L,SA,OAKBANK RC,OAKB,HILLS RAILWAY STAKES,1100," $140,000 ",3YO&Up,O,Qty,HILLS RAILWAY STAKES
24-Apr-25,471,4,L,VIC,VRC,FLEM,ANZAC DAY STAKES,1400," $175,000 ",2-Y-O,O,Hcp,ANZAC DAY HANDICAP
24-Apr-25,22,4,L,VIC,VRC,FLEM,VRC ST LEGER,2800," $300,000 ",3-Y-O,O,SW,VRC ST LEGER
26-Apr-25,697,4,L,VIC,MRC,CAUL,THOROUGHBRED CLUB ANNIVERSARY VASE,1400," $175,000 ",O,O,Hcp,ANNIVERSARY VASE
26-Apr-25,155,4,L,QLD,BRC,E FM,BRISBANE HANDICAP,1600," $300,000 ",O,O,Qlty,BRISBANE HANDICAP
26-Apr-25,746,4,L,QLD,BRC,E FM,MICK DITTMAN PLATE,1000," $160,000 ",3-Y-O,O,SW,MICK DITTMAN PLATE
26-Apr-25,711,4,L,QLD,BRC,E FM,PRINCESS STAKES,1600," $160,000 ",3-Y-O,F,SW,PRINCESS STAKES
26-Apr-25,678,4,L,QLD,BRC,E FM,CALAWAY GAL,1200," $200,000 ",2-Y-O,F,SW,CALAWAY GAL
26-Apr-25,320,2,G2,WA,WATC,ASCT,KARRAKATTA PLATE,1200," $500,000 ",2-Y-O,O,SW,KARRAKATTA PLATE
26-Apr-25,121,1,G1,SA,SAJC,MORP,AUSTRALASIAN OAKS,2000," $500,000 ",3-Y-O,F,SW,AUSTRALASIAN OAKS
26-Apr-25,495,1,G1,SA,SAJC,MORP,ROBERT SANGSTER STAKES,1200," $600,000 ",O,F&M,WFA,ROBERT SANGSTER STAKES
26-Apr-25,414,2,G2,SA,SAJC,MORP,QUEEN OF THE SOUTH STAKES,1600," $250,000 ",3YO&Up,F&M,SWP,QUEEN OF THE SOUTH STAKES
26-Apr-25,292,2,G2,SA,SAJC,MORP,TOBIN BRONZE STAKES,1200," $250,000 ",3-Y-O,O,SW,TOBIN BRONZE STAKES
26-Apr-25,540,3,G3,SA,SAJC,MORP,BREEDERS' STAKES,1200," $150,000 ",2-Y-O,O,SW,BREEDERS STAKES
26-Apr-25,184,3,G3,SA,SAJC,MORP,CHAIRMAN'S STAKES,2000," $150,000 ",3-Y-O,O,SW,SAJC CHAIRMAN'S STAKES
26-Apr-25,350,3,G3,SA,SAJC,MORP,JOHN HAWKES STAKES,1100," $150,000 ",3YO&Up,O,Qlty,D C MCKAY STAKES
30-Apr-25,723,4,L,VIC,WRC,WARN,WANGOOM HCP,1200," $200,000 ",O,O,Hcp,WANGOOM HCP
01-May-25,715,4,L,VIC,WRC,WARN,WARRNAMBOOL CUP,2350," $300,000 ",O,O,Hcp,WARRNAMBOOL CUP
02-May-25,530,4,L,NSW,MURRUMBIDGEE TC,WAGG,WAGGA WAGGA GOLD CUP,2000," $200,000 ",O,O,Hcp,WAGGA WAGGA GOLD CUP
03-May-25,717,3,G3,NSW,HAWKESBURY RC,HAWK,HAWKESBURY CROWN,1300," $250,000 ",O,F&M,SWP,HAWKESBURY CROWN
03-May-25,297,3,G3,NSW,HAWKESBURY RC,HAWK,HAWKESBURY GOLD CUP,1600," $250,000 ",3YO&Up,O,Hcp,HAWKESBURY GOLD CUP
03-May-25,655,3,G3,NSW,HAWKESBURY RC,HAWK,HAWKESBURY GUINEAS,1400," $250,000 ",3-Y-O,O,SWP,HAWKESBURY GUINEAS
03-May-25,970,4,L,NSW,HAWKESBURY RC,HAWK,HAWKESBURY RUSH,1100," $200,000 ",O,O,Qlty,HAWKESBURY RUSH
03-May-25,32,2,G2,QLD,BRC,E FM,QUEENSLAND GUINEAS,1600," $350,000 ",3-Y-O,O,SW,QUEENSLAND GUINEAS
03-May-25,463,2,G2,QLD,BRC,E FM,VICTORY STAKES,1200," $300,000 ",3YO&Up,O,WFA,VICTORY STAKES
03-May-25,719,4,L,QLD,BRC,E FM,DALRELLO STAKES,1000," $160,000 ",2-Y-O,O,SW,DALRELLO STAKES
03-May-25,26,1,G1,SA,SAJC,MORP,SOUTH AUSTRALIAN DERBY,2500," $500,000 ",3-Y-O,O,SW,SA DERBY
03-May-25,100,4,L,SA,SAJC,MORP,ADELAIDE GUINEAS,1600," $120,000 ",3-Y-O,O,SW,ADELAIDE GUINEAS
03-May-25,30,4,L,SA,SAJC,MORP,PORT ADELAIDE CUP,2500," $120,000 ",3YO&Up,O,Qlty,PORT ADELAIDE CUP
10-May-25,284,4,L,NSW,GOSFORD RC LTD,GOSF,GOSFORD GOLD CUP,2100," $250,000 ",3YO&Up,O,Qlty,GOSFORD GOLD CUP
10-May-25,395,4,L,NSW,GOSFORD RC LTD,GOSF,TAKEOVER TARGET STAKES,1200," $200,000 ",3YO&Up,O,Qlty,TAKEOVER TARGET
10-May-25,1014,4,L,NSW,GOSFORD RC LTD,GOSF,THE COAST,1600," $500,000 ",3YO&4YO,O,Qlty,THE COAST
10-May-25,589,2,G2,QLD,GOLD COAST TC,GCST,A D HOLLINDALE STAKES,1800," $500,000 ",O,O,WFA,A D HOLLINDALE STAKES
10-May-25,687,3,G3,QLD,GOLD COAST TC,GCST,GOLD COAST GUINEAS,1200," $200,000 ",3-Y-O,O,SW,GOLD COAST GUINEAS
10-May-25,436,3,G3,QLD,GOLD COAST TC,GCST,KEN RUSSELL MEMORIAL CLASSIC,1200," $200,000 ",O,O,SW,KEN RUSSELL MEMORIAL CLASSIC
10-May-25,615,4,L,QLD,GOLD COAST TC,GCST,ATC CUP,1200," $160,000 ",O,O,Qlty,PRIME MINISTER'S CUP
10-May-25,688,4,L,QLD,GOLD COAST TC,GCST,GOLD COAST BRACELET,1800," $160,000 ",3-Y-O,F,SW,GOLD COAST BRACELET
10-May-25,616,4,L,QLD,GOLD COAST TC,GCST,SILK STOCKING,1300," $160,000 ",O,F&M,Qlty,SILK STOCKING
10-May-25,467,3,G3,WA,WATC,ASCT,W.A. SIRES' PRODUCE STAKES,1400," $200,000 ",2-Y-O,O,SW,WATC SIRES PRODUCE
10-May-25,27,1,G1,SA,SAJC,MORP,THE GOODWOOD,1200," $600,000 ",O,O,SWP,SAJC GOODWOOD
10-May-25,379,3,G3,SA,SAJC,MORP,DAVID COLES AM STAKES,1200," $150,000 ",2-Y-O,O,SW,DAVID COLES AM STAKES
10-May-25,443,3,G3,SA,SAJC,MORP,KEN AND HELEN SMITH SA FILLIES CLASSIC,2500," $170,000 ",3-Y-O,F,SW,SA FILLIES CLASSIC
10-May-25,703,3,G3,SA,SAJC,MORP,PROUD MISS STAKES,1200," $150,000 ",3YO&Up,F&M,SWP,PROUD MISS STAKES
10-May-25,632,4,L,SA,SAJC,MORP,CENTAUREA STAKES,2000," $120,000 ",3YO&Up,F&M,SWP,CENTAUREA STAKES
10-May-25,200,3,G3,SA,SAJC,MORP,CUMMINGS STAKES,1600," $220,000 ",3YO&Up,O,SWP,R A LEE STAKES
11-May-25,748,3,G3,WA,NORTHAM RC,NTHM,NORTHAM STAKES,1300," $200,000 ",2YO&Up,O,SWP,NORTHAM STAKES
16-May-25,676,4,L,NSW,SCONE RC,SCNE,SCONE CUP,1600," $200,000 ",O,O,Qlty,SCONE CUP
17-May-25,652,3,G3,NSW,SCONE RC,SCNE,DARK JEWEL CLASSIC,1400," $250,000 ",3YO&Up,F&M,Qlty,DARK JEWEL CLASSIC
17-May-25,766,4,L,NSW,SCONE RC,SCNE,DENISE'S JOY STAKES,1100," $200,000 ",3-Y-O,F,Qlty,DENISE'S JOY STAKES
17-May-25,764,4,L,NSW,SCONE RC,SCNE,LUSKIN STAR STAKES,1300," $200,000 ",O,O,Qlty,LUSKIN STAR STAKES
17-May-25,738,4,L,NSW,SCONE RC,SCNE,ORTENSIA STAKES,1100," $200,000 ",3YO&Up,O,Qlty,ORTENSIA STAKES
17-May-25,765,4,L,NSW,SCONE RC,SCNE,WOODLANDS STAKES,1100," $200,000 ",2-Y-O,F,Qlty,WOODLANDS STAKES
17-May-25,485,4,L,VIC,VRC,FLEM,THE STRAIGHT SIX,1200," $175,000 ",O,O,Hcp,THE STRAIGHT SIX
17-May-25,237,4,L,VIC,VRC,FLEM,ANDREW RAMSDEN STAKES,2800," $300,000 ",O,O,Hcp,ANDREW RAMSDEN STAKES
17-May-25,38,1,G1,QLD,BRC,DOOM,"DOOMBEN 10,000",1200," $1,500,000 ",3YO&Up,O,WFA,"DOOMBEN 10,000"
17-May-25,206,2,G2,QLD,BRC,DOOM,SPIRIT OF BOOM CLASSIC,1200," $300,000 ",2-Y-O,O,SW,CHAMPAGNE CLASSIC
17-May-25,183,3,G3,QLD,BRC,DOOM,CHAIRMAN'S HANDICAP,2000," $200,000 ",3YO&Up,O,Qlty,CHAIRMAN'S HANDICAP
17-May-25,624,3,G3,QLD,BRC,DOOM,ROUGH HABIT PLATE,2000," $250,000 ",3-Y-O,O,SW,ROUGH HABIT PLATE
17-May-25,142,4,L,QLD,BRC,DOOM,BERNBOROUGH HANDICAP,1600," $200,000 ",3YO&Up,O,SWP,BERNBOROUGH HANDICAP
17-May-25,683,4,L,QLD,BRC,DOOM,BRIGHT SHADOW QUALITY,1110," $160,000 ",3YO&Up,F&M,Qlty,BRIGHT SHADOW QUALITY
24-May-25,392,4,L,NSW,ATC,RAND,LORD MAYOR'S CUP,2000," $200,000 ",3YO&Up,O,Qlty,LORD MAYOR'S CUP
24-May-25,39,1,G1,QLD,BRC,DOOM,DOOMBEN CUP,2000," $1,000,000 ",3YO&Up,O,WFA,DOOMBEN CUP
24-May-25,657,2,G2,QLD,BRC,DOOM,THE ROSES,2000," $300,000 ",3-Y-O,F,SW,THE ROSES
24-May-25,132,3,G3,QLD,BRC,DOOM,BRC SPRINT,1350," $300,000 ",O,O,Qlty,BRC SPRINT
24-May-25,435,3,G3,QLD,BRC,DOOM,MAGIC MILLIONS MARES MILE ,1600," $200,000 ",3YO&Up,F&M,SWP,GLENLOGAN PARK STAKES
24-May-25,339,4,L,QLD,BRC,DOOM,BILL CARTER STAKES,1200," $160,000 ",2-Y-O,F,SW,LANCASTER STAKES
24-May-25,684,4,L,QLD,BRC,DOOM,CHIEF DE BEERS QUALITY,1110," $160,000 ",O,O,Qlty,CHIEF DE BEERS QUALITY
24-May-25,140,3,G3,WA,WATC,BLMT,BELMONT SPRINT,1400," $200,000 ",2YO&Up,O,WFA,BELMONT SPRINT
31-May-25,938,4,L,VIC,MRC,CAUL,BEL ESPRIT STAKES ,1000," $175,000 ",O,O,Hcp,BEL ESPRIT STAKES 
31-May-25,514,1,G1,QLD,BRC,E FM,KINGSFORD-SMITH CUP,1300," $1,000,000 ",3YO&Up,O,WFA,BTC CUP
31-May-25,33,1,G1,QLD,BRC,E FM,QUEENSLAND DERBY,2400," $1,000,000 ",3-Y-O,O,SW,QUEENSLAND DERBY
31-May-25,37,2,G2,QLD,BRC,E FM,BRC SIRES' PRODUCE ,1400," $1,000,000 ",2-Y-O,O,SW,BRC SIRES' PRODUCE
31-May-25,212,3,G3,QLD,BRC,E FM,FRED BEST CLASSIC,1400," $300,000 ",3-Y-O,O,SW,FRED BEST CLASSIC
31-May-25,171,3,G3,QLD,BRC,E FM,LORD MAYOR'S CUP,1800," $200,000 ",3YO&Up,O,SWP,LORD MAYOR'S CUP
31-May-25,901,3,G3,QLD,BRC,E FM,QUEEN ELIZABETH II CUP,2400," $200,000 ",3YO&Up,O,Qlty,QUEENS CUP
31-May-25,685,4,L,QLD,BRC,E FM,HELEN COUGHLIN STAKES,1200," $160,000 ",3YO&Up,F&M,SWP,JUANMO STAKES
01-Jun-25,768,4,L,VIC,MRC,SAND,SANDOWN CUP,3200," $175,000 ",O,O,Hcp,SANDOWN CUP
07-Jun-25,546,4,L,NSW,ATC,RAND,WINTER CUP,2400," $200,000 ",3YO&Up,O,Qlty,STC WINTER CUP
07-Jun-25,35,1,G1,QLD,BRC,E FM,QUEENSLAND OAKS,2200," $700,000 ",3-Y-O,F,SW,QUEENSLAND OAKS
07-Jun-25,110,2,G2,QLD,BRC,E FM,MORETON CUP,1200," $300,000 ",3YO&Up,O,SWP,QTC CUP
07-Jun-25,483,4,L,QLD,BRC,E FM,LIGHTNING HANDICAP,1000," $160,000 ",O,O,Qlty,LIGHTNING HANDICAP
07-Jun-25,707,4,L,QLD,BRC,E FM,QUEENSLAND DAY STAKES,1200," $200,000 ",3-Y-O,O,SW,QUEENSLAND DAY STAKES
07-Jun-25,578,4,L,QLD,BRC,E FM,SPEAR CHIEF HANDICAP,1500," $160,000 ",O,O,Qlty,SPEAR CHIEF HANDICAP
07-Jun-25,419,4,L,QLD,BRC,E FM,THE PHOENIX,1500," $160,000 ",2-Y-O,O,SW,THE PHOENIX
07-Jun-25,312,3,G3,WA,WATC,BLMT,HYPERION STAKES,1600," $200,000 ",2YO&Up,O,WFA,HYPERION STKS
14-Jun-25,318,4,L,NSW,ATC,RAND,BOB CHARLEY AO STAKES,1100," $200,000 ",3YO&Up,O,Qlty,JUNE STAKES
14-Jun-25,177,1,G1,QLD,BRC,E FM,J.J. ATKINS,1600," $1,000,000 ",2-Y-O,O,SW,J.J. ATKINS
14-Jun-25,34,1,G1,QLD,BRC,E FM,STRADBROKE HANDICAP,1400," $3,000,000 ",3YO&Up,O,HCP,STRADBROKE HANDICAP
14-Jun-25,36,2,G2,QLD,BRC,E FM,BRISBANE CUP,3200," $400,000 ",3YO&Up,O,Qlty,BRISBANE CUP
14-Jun-25,669,2,G2,QLD,BRC,E FM,DANE RIPPER STAKES,1300," $300,000 ",3YO&Up,F&M,SWP,DANE RIPPER STAKES
14-Jun-25,385,2,G2,QLD,BRC,E FM,Q22,2200," $1,200,000 ",3YO&Up,O,WFA,P J O'SHEA STAKES
14-Jun-25,575,3,G3,QLD,BRC,E FM,GUNSYND CLASSIC,1600," $200,000 ",3-Y-O,O,SW,GUNSYND CLASSIC
14-Jun-25,246,4,L,QLD,BRC,E FM,HINKLER HANDICAP,1200," $160,000 ",3YO&Up,O,Qlty,HINKLER HANDICAP
14-Jun-25,602,4,L,QLD,BRC,E FM,OXLADE STAKES,1200," $160,000 ",2-Y-O,O,SW,HAMPTON STAKES
14-Jun-25,410,4,L,QLD,BRC,E FM,THE WAYNE WILSON,1600," $160,000 ",3YO&Up,O,WFA,STRAWBERRY ROAD HANDICAP
14-Jun-25,420,4,L,WA,WATC,BLMT,RACONTEUR STAKES,1400," $125,000 ",3-Y-O,O,SWP,RACONTEUR STKS
21-Jun-25,351,4,L,NSW,ATC,RAND,W J MCKELL CUP,2000," $200,000 ",3YO&Up,O,Qlty,W J MCKELL CUP
21-Jun-25,255,4,L,QLD,IPSWICH TC,IPSW,EYE LINER STAKES,1350," $200,000 ",O,O,Qlty,EYE LINER STAKES
21-Jun-25,690,4,L,QLD,IPSWICH TC,IPSW,GAI WATERHOUSE CLASSIC,1200," $160,000 ",O,F&M,Qlty,GAI WATERHOUSE CLASSIC
21-Jun-25,313,4,L,QLD,IPSWICH TC,IPSW,IPSWICH CUP,2150," $250,000 ",3YO&Up,O,Qlty,IPSWICH CUP
21-Jun-25,486,3,G3,WA,WATC,BLMT,STRICKLAND STAKES,2000," $200,000 ",2YO&Up,O,WFA,STRICKLAND STKS
28-Jun-25,204,4,L,NSW,ATC,RHIL,CIVIC STAKES,1350," $200,000 ",3YO&Up,O,Qlty,CIVIC STAKES
28-Jun-25,601,1,G1,QLD,TATTS RC QLD,E FM,TATTERSALL'S TIARA,1400," $700,000 ",O,F&M,WFA,TATTERSALL'S TIARA
28-Jun-25,176,3,G3,QLD,TATTS RC QLD,E FM,TATTERSALL'S CUP,2400," $200,000 ",O,O,SWP,TATTERSALL'S CUP
28-Jun-25,299,3,G3,QLD,TATTS RC QLD,E FM,W J  HEALY STAKES,1200," $200,000 ",O,O,Qlty,W J  HEALY STAKES
28-Jun-25,691,4,L,QLD,TATTS RC QLD,E FM,TATTERSALL'S GOLD CROWN,2100," $200,000 ",3YO&Up,F&M,SWP,TATTERSALL'S RACING CLUB OPEN
28-Jun-25,551,4,L,QLD,TATTS RC QLD,E FM,TATTERSALL'S MILE,1600," $160,000 ",O,O,Qlty,TATTERSALL'S MILE
28-Jun-25,658,4,L,QLD,TATTS RC QLD,E FM,TATTERSALL'S STAKES,1400," $160,000 ",2-Y-O,O,SW,TATTERSALL'S STAKES
28-Jun-25,136,4,L,WA,WATC,BLMT,BELMONT GUINEAS,1600," $125,000 ",3-Y-O,O,SW,BELMONT GUINEAS
28-Jun-25,386,4,L,SA,SAJC,MORP,OAKLANDS PLATE,1400," $120,000 ",2-Y-O,O,SWP,OAKLANDS PLATE
05-Jul-25,274,4,L,VIC,VRC,FLEM,A.R. CRESWICK STAKES,1200," $175,000 ",3-Y-O,O,SWP,A.R. CRESWICK STAKES
05-Jul-25,278,4,L,VIC,VRC,FLEM,TAJ ROSSI SERIES FINAL,1600," $175,000 ",2-Y-O,O,Hcp,GIBSON CARMICHAEL STAKES
05-Jul-25,744,4,L,VIC,VRC,FLEM,ALL VICTORIAN SPRINT FINAL,1200," $175,000 ",3YO&Up,O,Hcp,ALL VICTORIAN SPRINT FINAL
05-Jul-25,429,4,L,VIC,VRC,FLEM,VRC WINTER CHAMPIONSHIP,1600," $200,000 ",3YO&Up,O,Hcp,VRC WINTER CHAMPIONSHIP
05-Jul-25,708,3,G3,QLD,SUN COAST TC,SCTC,WINX GUINEAS,1600," $300,000 ",3-Y-O,O,SW,SUNSHINE COAST GUINEAS
05-Jul-25,600,4,L,QLD,SUN COAST TC,SCTC,CALOUNDRA CUP,2400," $300,000 ",O,O,Qlty,CALOUNDRA CITY CUP
05-Jul-25,625,4,L,QLD,SUN COAST TC,SCTC,GLASSHOUSE HANDICAP,1400," $300,000 ",O,O,Qlty,GLASSHOUSE HANDICAP
05-Jul-25,577,4,L,WA,WATC,BLMT,BEAUFINE STAKES,1000," $125,000 ",2YO&Up,O,Qlty,BEAUFINE STKS
06-Jul-25,967,4,L,WA,BUNBURY RC,BUNB,SOUTH WEST CUP,2200," $125,000 ",3YO&Up,O,SWP,SOUTH WEST AUTUMN CUP
12-Jul-25,548,4,L,NSW,ATC,RAND,WINTER STAKES,1400," $200,000 ",3YO&Up,O,Qlty,WINTER STAKES
12-Jul-25,367,3,G3,VIC,MRC,CAUL,SIR JOHN MONASH STAKES,1100," $200,000 ",O,O,WFA,SIR JOHN MONASH STAKES
12-Jul-25,113,4,L,WA,WATC,BLMT,AQUANITA STAKES,2000," $125,000 ",3-Y-O,C&G,SW,AQUANITA STKS
12-Jul-25,138,4,L,WA,WATC,BLMT,BELMONT OAKS,2000," $125,000 ",3-Y-O,F,SW,BELMONT OAKS
16-Jul-25,422,4,L,NSW,CLARENCE RIV JC,GRAF,RAMORNIE HANDICAP,1200," $200,000 ",O,O,Qlty,RAMORNIE HANDICAP
17-Jul-25,287,4,L,NSW,CLARENCE RIV JC,GRAF,GRAFTON CUP,2350," $200,000 ",O,O,Qlty,GRAFTON CUP
19-Jul-25,151,4,L,WA,WATC,BLMT,H.G. BOLTON SPRINT,1200," $125,000 ",2YO&Up,O,Qlty,H.G. BOLTON SPRINT
19-Jul-25,466,3,G3,SA,SAJC,MORPP,SOUTH AUSTRALIAN SIRES PRODUCE STAKES,1400," $150,000 ",2-Y-O,O,SW,SAJC SIRES' PRODUCE STAKES
26-Jul-25,737,4,L,NSW,ATC,RHIL,WINTER CHALLENGE,1500," $200,000 ",3YO&Up,O,Qlty,WINTER CHALLENGE
26-Jul-25,636,3,G3,VIC,MRC,CAUL,BLETCHINGLY STAKES,1200," $200,000 ",O,O,WFA,BLETCHINGLY STAKES
26-Jul-25,634,4,L,WA,WATC,BLMT,BELMONT CLASSIC,2200," $125,000 ",3-Y-O,O,SW,BELMONT CLASSIC
26-Jul-25,331,4,L,SA,SAJC,MORP,LIGHTNING STAKES,1050," $120,000 ",2&3YO,O,SW,LIGHTNING STAKES
,,,,,,,,,,,,,
,,,,,,,,,,,,,
,,,,,,,,,,,,,
,,,,,,,,,,,,,
,,,,,,,,,,,,,
,,,,,,,,,,,,,
,,,,,,,,,,,,,
,,,,,,,,,,,,,
,,,,,,,,,,,,,
,,,,,,,,,,,,,
,,,,,,,,,,,,,
,,,,,,,,,,,,,
,,,,,,,,,,,,,
,,,,,,,,,,,,,
,,,,,,,,,,,,,
,,,,,,,,,,,,,
,,,,,,,,,,,,,
,,,,,,,,,,,,,
,,,,,,,,,,,,,
,,,,,,,,,,,,,
,,,,,,,,,,,,,
,,,,,,,,,,,,,
,,,,,,,,,,,,,
,,,,,,,,,,,,,
,,,,,,,,,,,,,
,,,,,,,,,,,,,
,,,,,,,,,,,,,
,,,,,,,,,,,,,
,,,,,,,,,,,,,
,,,,,,,,,,,,,
,,,,,,,,,,,,,
,,,,,,,,,,,,,
,,,,,,,,,,,,,
,,,,,,,,,,,,,
,,,,,,,,,,,,,
,,,,,,,,,,,,,
,,,,,,,,,,,,,
,,,,,,,,,,,,,
,,,,,,,,,,,,,
,,,,,,,,,,,,,
